-- MariaDB dump 10.19  Distrib 10.11.6-MariaDB, for debian-linux-gnu (x86_64)
--
-- Host: localhost    Database: grocery
-- ------------------------------------------------------
-- Server version	10.11.6-MariaDB-0+deb12u1

/*!40101 SET @OLD_CHARACTER_SET_CLIENT=@@CHARACTER_SET_CLIENT */;
/*!40101 SET @OLD_CHARACTER_SET_RESULTS=@@CHARACTER_SET_RESULTS */;
/*!40101 SET @OLD_COLLATION_CONNECTION=@@COLLATION_CONNECTION */;
/*!40101 SET NAMES utf8mb4 */;
/*!40103 SET @OLD_TIME_ZONE=@@TIME_ZONE */;
/*!40103 SET TIME_ZONE='+00:00' */;
/*!40014 SET @OLD_UNIQUE_CHECKS=@@UNIQUE_CHECKS, UNIQUE_CHECKS=0 */;
/*!40014 SET @OLD_FOREIGN_KEY_CHECKS=@@FOREIGN_KEY_CHECKS, FOREIGN_KEY_CHECKS=0 */;
/*!40101 SET @OLD_SQL_MODE=@@SQL_MODE, SQL_MODE='NO_AUTO_VALUE_ON_ZERO' */;
/*!40111 SET @OLD_SQL_NOTES=@@SQL_NOTES, SQL_NOTES=0 */;

DROP DATABASE IF EXISTS grocery;

CREATE DATABASE grocery
	CHARACTER SET = utf8mb4
    COLLATE = utf8mb4_general_ci
;
USE grocery
;

--
-- Table structure for table `client`
--

DROP TABLE IF EXISTS `client`;
/*!40101 SET @saved_cs_client     = @@character_set_client */;
/*!40101 SET character_set_client = utf8 */;
CREATE TABLE `client` (
  `id_cli` int(11) NOT NULL AUTO_INCREMENT,
  `nom` varchar(50) NOT NULL,
  `prenom` varchar(50) DEFAULT NULL,
  `naiss` date DEFAULT NULL,
  `ville` varchar(50) DEFAULT NULL,
  `pays` varchar(50) NOT NULL,
  PRIMARY KEY (`id_cli`)
) ENGINE=InnoDB AUTO_INCREMENT=1001 DEFAULT CHARSET=utf8mb3 COLLATE=utf8mb3_general_ci;
/*!40101 SET character_set_client = @saved_cs_client */;

--
-- Dumping data for table `client`
--

LOCK TABLES `client` WRITE;
/*!40000 ALTER TABLE `client` DISABLE KEYS */;
INSERT INTO `client` VALUES
(1,'Splevings','Wileen','2000-10-13','Rislane','Morocco'),
(2,'Fidgett','Gwenette','2000-10-27','Arras','France'),
(3,'Braga','Torrance','1999-12-08','Pontivy','France'),
(4,'Baldwin','Lian','2001-12-08','Outlook','Canada'),
(5,'Nurny','Thatch','1999-10-03','Tiout','Morocco'),
(6,'Stother','Keely','1999-06-26','Dakoro','Niger'),
(7,'Connelly','Harry','1999-01-22','Saint-Paul','Reunion'),
(8,'Pods','Shane','2002-06-22','Al Qarmadah','Tunisia'),
(9,'Mechi','Steve','2001-10-09','Paris La Défense','France'),
(10,'Hegerty','Tootsie','2000-07-09','Moutsamoudou','Comoros'),
(11,'Holdforth','Lenard','1999-08-21','Orléans','France'),
(12,'Robertshaw','Patricio','1999-10-17','Tabia','Morocco'),
(13,'Delgardo','Crissie','2000-10-31','Privas','France'),
(14,'Butchers','Krishnah','2002-07-17','Niagara Falls','Canada'),
(15,'Apfel','Brewster','2002-06-20','Tourcoing','France'),
(16,'Benjamin','Patrice','1998-07-21','Aime','France'),
(17,'Corbett','Erma','1999-01-07','Le Puy-en-Velay','France'),
(18,'Daintry','Desiri','2001-06-15','Rouen','France'),
(19,'Pattle','محمد','2001-02-18','Itzer','Morocco'),
(20,'Anstice','Goraud','1998-11-22','Guisser','Morocco'),
(21,'Iliff','Deloris','2000-12-21','Papineauville','Canada'),
(22,'Kalinsky','Harlie','2000-09-23','Draguignan','France'),
(23,'Ravenshaw','Sid','2000-06-03','Le Chambon-Feugerolles','France'),
(24,'Keward','Paulo','1999-03-24','Perpignan','France'),
(25,'Brotherhead','Alvera','1999-10-30','Millau','France'),
(26,'Vellender','محمد','1999-01-05','Arivonimamo','Madagascar'),
(27,'Lermouth','Winny','2000-09-06','Saintes','France'),
(28,'Lewerenz','Wilhelmine','2000-06-24','Toulouse','France'),
(29,'Januszewski','Stacy','2000-01-22','Chennevières-sur-Marne','France'),
(30,'Caldecutt','Nancee','1999-06-12','Gabès','Tunisia'),
(31,'Bock','Drew','2002-03-02','Arras','France'),
(32,'Haselup','Essie','1999-01-25','Owen Sound','Canada'),
(33,'Lates','Silvan','2002-03-18','Compiègne','France'),
(34,'Vinson','محمد','1999-06-05','Mbaké','Senegal'),
(35,'Starte','Blondelle','2001-02-23','Noyal-sur-Vilaine','France'),
(36,'Avramovic','Briggs','1998-09-16','Saint-Félicien','Canada'),
(37,'Aysik','Willard','2001-06-18','Espanola','Canada'),
(38,'O\' Kelleher','Hollyanne','1999-09-26','Anjozorobe','Madagascar'),
(39,'Paulley','Auberta','2001-02-18','Cergy-Pontoise','France'),
(40,'Wudeland','Noelyn','2001-10-12','La Ravoire','France'),
(41,'Marvel','Bill','1999-11-01','Hassi Berkane','Morocco'),
(42,'Akenhead','Cori','1999-02-16','Paris 17','France'),
(43,'Twinbourne','Oby','2001-11-22','Vannes','France'),
(44,'Dimblebee','Evangelia','2000-07-30','Bollène','France'),
(45,'Ailmer','Christophorus','2000-08-01','Toulouse','France'),
(46,'Fritchley','Abbey','2001-08-13','North Bay','Canada'),
(47,'Dutton','Teirtza','2002-05-06','Niort','France'),
(48,'Papes','Shirleen','2001-03-08','Normandin','Canada'),
(49,'Gethen','Georgie','1999-12-31','Zürich','Switzerland'),
(50,'Eliff','Kaela','2002-02-01','Lunéville','France'),
(51,'Colquit','Randy','2001-12-04','Abbeville','France'),
(52,'Norwich','Carlota','2000-03-17','Bourail','New Caledonia'),
(53,'Gian','Pinchas','2000-08-11','Marseille','France'),
(54,'Storrah','Layney','2000-06-19','Nancy','France'),
(55,'McCowan','Prisca','2002-05-14','Lavaur','France'),
(56,'Sleit','Evan','2001-06-03','Bromont','Canada'),
(57,'Allsup','Fransisco','1999-07-29','Blois','France'),
(58,'Fer','Brnaba','1999-03-21','Diré','Mali'),
(59,'Neame','محمد','1999-04-15','Paris 09','France'),
(60,'Bengle','Mureil','2000-05-31','Bern','Switzerland'),
(61,'Lancett','Skipper','2001-12-10','Khombole','Senegal'),
(62,'MacCorkell','محمد','1998-07-10','La Foa','New Caledonia'),
(63,'Cordsen','Lombard','2001-12-11','Berck','France'),
(64,'Sherlock','محمد','1999-12-06','Ambato Boeny','Madagascar'),
(65,'Rodden','Merrili','1998-10-07','Bancroft','Canada'),
(66,'Neller','Myrtle','2001-07-06','Cergy-Pontoise','France'),
(67,'Faircloth','Raimondo','2000-08-26','Nice','France'),
(68,'Tunney','Tanhya','2001-01-08','Mosquée','Morocco'),
(69,'Ferrini','Doug','1999-11-27','Oulmes','Morocco'),
(70,'Lackie','Wynn','2000-03-12','Rive-de-Gier','France'),
(71,'Bushen','Amby','2001-09-04','Nîmes','France'),
(72,'Whatson','Kalila','2001-02-15','Bourg-lès-Valence','France'),
(73,'Swainson','Aluino','1999-08-02','Saint-Paul','Reunion'),
(74,'Seman','Eldridge','2002-07-31','Concord','Canada'),
(75,'Rogliero','Moishe','2000-05-11','Ancenis','France'),
(76,'Daffern','محمد','2000-05-03','Créteil','France'),
(77,'Dudding','Cart','2001-12-12','Paris 17','France'),
(78,'Woodhouse','Ora','2000-01-19','La Ronge','Canada'),
(79,'McDonagh','Wadsworth','1999-09-25','Tours','France'),
(80,'Liff','Karole','2001-08-05','Troyes','France'),
(81,'Benthall','Rhianna','1999-08-24','Kangani','Comoros'),
(82,'Sahnow','Diena','2001-04-15','Chefchaouene','Morocco'),
(83,'Houlahan','Aurie','1998-10-17','Béthune','France'),
(84,'Breheny','Rickey','2001-05-14','Lyon','France'),
(85,'Pleasaunce','Rheta','2002-07-14','Montfavet','France'),
(86,'Wodham','Felicio','2001-12-30','Saint-Laurent-Blangy','France'),
(87,'Backen','Carmelina','1998-07-05','Mosquée','Morocco'),
(88,'Creese','Belva','2000-10-23','Kingston','Canada'),
(89,'De Bellis','Janenna','2001-04-18','La Rochelle','France'),
(90,'Billett','Madelon','2002-05-02','Mont-de-Marsan','France'),
(91,'Olivier','Isidor','2000-04-30','El Fahs','Tunisia'),
(92,'Capper','Arliene','1999-05-15','Mananara','Madagascar'),
(93,'Amdohr','Devlen','2000-01-08','Saint-Fargeau-Ponthierry','France'),
(94,'Kentish','Guillermo','1999-08-25','Briey','France'),
(95,'Stansbury','Rupert','1999-02-01','Noyelles-sous-Lens','France'),
(96,'Haseman','Irving','1999-03-21','Angers','France'),
(97,'Disbrey','Ines','2002-01-16','Wasquehal','France'),
(98,'Allwood','Haley','1999-02-09','Saint-Sauveur','Canada'),
(99,'McDunlevy','Jocelyne','2000-01-25','Metz','France'),
(100,'Ditzel','Burt','2000-02-14','Anyama','Ivory Coast'),
(101,'Prendergast','Field','2000-01-25','Maevatanana','Madagascar'),
(102,'Ozanne','Layne','1998-12-22','Issy-les-Moulineaux','France'),
(103,'Daspar','Lorinda','1998-09-18','Obernai','France'),
(104,'Milesap','Stavro','2000-06-10','Peterborough','Canada'),
(105,'Dancer','Keely','2001-07-13','Châteauroux','France'),
(106,'Adnams','Alvina','1998-08-02','Nara','Mali'),
(107,'Lehr','Katerine','2001-12-08','Mantes-la-Jolie','France'),
(108,'McMonies','Doralin','1998-06-11','Abbotsford','Canada'),
(109,'Hince','محمد','2000-08-13','Fayaoué','New Caledonia'),
(110,'Soper','Donnie','1999-07-26','Sallanches','France'),
(111,'Dafydd','Baudoin','2001-07-31','Champigny-sur-Marne','France'),
(112,'Abad','Amity','1999-06-22','Abadou','Morocco'),
(113,'Glenn','Skell','2001-12-15','Lambton Shores','Canada'),
(114,'Grimm','Gavin','2001-10-11','Mascouche','Canada'),
(115,'Skillern','Mirabelle','2002-05-28','Bègles','France'),
(116,'Gutridge','Nealson','2001-01-24','Sokolo','Mali'),
(117,'Baldetti','Minne','2002-02-26','Toulouse','France'),
(118,'Milthorpe','Nettle','1999-08-15','Saint-Raymond','Canada'),
(119,'Gresswell','Marius','2002-04-05','Mirriah','Niger'),
(120,'Bachelor','Dan','2001-03-25','Cluses','France'),
(121,'McClean','Zak','2001-06-07','La Ravoire','France'),
(122,'Scollan','Lynnett','1998-12-27','Dunkerque','France'),
(123,'Cathrae','Augustus','1998-10-04','Orléans','France'),
(124,'Sharram','Feliks','2000-02-26','Stonewall','Canada'),
(125,'Rizzello','Huntlee','2001-05-15','Tmourghout','Morocco'),
(126,'Attryde','Elroy','2000-04-24','Saint-Brieuc','France'),
(127,'Adriaens','Morty','2002-05-17','Fandriana','Madagascar'),
(128,'Deeble','Eachelle','2000-05-17','Catalina','Canada'),
(129,'MacDonell','Krysta','2001-08-26','Oujda','Morocco'),
(130,'Hanigan','Banky','1999-12-08','Lebel-sur-Quévillon','Canada'),
(131,'Dibson','Evin','2002-02-16','Anmore','Canada'),
(132,'Hynson','محمد','2000-12-20','La Foa','New Caledonia'),
(133,'Dunmuir','Marybeth','1998-12-15','Chartres','France'),
(134,'Palatino','Tannie','2000-04-24','Woippy','France'),
(135,'McGillicuddy','محمد','2002-08-24','Fresnes','France'),
(136,'Rubinovici','Mollee','1999-12-11','Les Sables-d\'Olonne','France'),
(137,'Annandale','Wildon','1999-11-21','Paris 07','France'),
(138,'Brotheridge','Cleve','2001-06-18','Paris 11','France'),
(139,'Tschirschky','Patty','2000-07-31','Boulaouane','Morocco'),
(140,'Callard','Molli','1999-09-13','Al Matlīn','Tunisia'),
(141,'Ubsdall','Chrotoem','2000-04-06','Fréjus','France'),
(142,'Hugle','Rossie','2001-02-21','Moulins','France'),
(143,'Mammatt','Hermione','1999-12-18','Lévis','Canada'),
(144,'Milksop','Missy','2000-01-06','Kariat Arkmane','Morocco'),
(145,'Geratasch','Otto','2001-11-24','Lyon','France'),
(146,'Weald','Deeanne','2000-07-08','Ajax','Canada'),
(147,'Mosey','Sly','2001-03-11','Alaghsas','Niger'),
(148,'Symones','Theodor','2001-12-24','Romorantin-Lanthenay','France'),
(149,'Lundbeck','Cecily','2000-05-14','Granville','France'),
(150,'Perett','محمد','2001-02-16','Dauphin','Canada'),
(151,'Anwell','Shannen','2000-07-21','Paris 15','France'),
(152,'Moxley','Pernell','2000-07-04','Angoulême','France'),
(153,'Bathurst','Davidde','1999-02-17','Sidi Slimane','Morocco'),
(154,'Dionis','Juliette','2001-10-31','Moosomin','Canada'),
(155,'Krysiak','Brett','2002-05-23','Pantin','France'),
(156,'Chellam','Carlynn','2001-08-23','Tangier','Morocco'),
(157,'Tillot','Franny','1999-02-10','Conception Bay South','Canada'),
(158,'Millard','Kellyann','1998-07-22','Toulouse','France'),
(159,'Sarney','محمد','1999-09-21','Vouani','Comoros'),
(160,'Brogini','Ketti','1999-06-15','Pau','France'),
(161,'Galero','Caril','1998-12-15','Saint-Denis','Reunion'),
(162,'Croft','Deane','2001-01-13','Paris 08','France'),
(163,'Sloane','Fey','1999-10-19','Matamey','Niger'),
(164,'De Bruijn','Marcelle','1999-07-09','Saint John','Canada'),
(165,'Kleinber','Isidor','2000-12-24','Le Puy-en-Velay','France'),
(166,'Fidele','Tera','2001-11-19','Hanover','Canada'),
(167,'Domney','Urbain','2001-03-13','Pickering','Canada'),
(168,'Spurman','Eddie','2002-05-18','Cergy-Pontoise','France'),
(169,'Canacott','Armando','2001-08-24','Targuist','Morocco'),
(170,'Szymoni','Free','2001-04-23','Bordeaux','France'),
(171,'Brittian','Townsend','1998-07-02','Neebing','Canada'),
(172,'Spivey','Merna','2000-05-19','Leduc','Canada'),
(173,'Blakebrough','Reggie','2000-01-26','Digne-les-Bains','France'),
(174,'Broady','Bearnard','2000-04-03','Melfort','Canada'),
(175,'Perroni','Adlai','2000-07-01','Saint-Amand-les-Eaux','France'),
(176,'Henstone','Wadsworth','2002-07-16','Vincennes','France'),
(177,'Twidale','Joete','1999-04-24','Tengrela','Ivory Coast'),
(178,'Bavage','Kathrine','1998-07-19','Touho','New Caledonia'),
(179,'Hattigan','Kelly','2001-02-07','Delson','Canada'),
(180,'Gooders','Drugi','1999-03-06','Ambatofinandrahana','Madagascar'),
(181,'MacIlraith','Pietro','1999-06-27','Rivesaltes','France'),
(182,'Levermore','Hermie','1999-11-18','St. Catharines','Canada'),
(183,'Champagne','Peterus','1999-09-29','Bingerville','Ivory Coast'),
(184,'Sigsworth','Chicky','1998-07-02','El Hamma','Tunisia'),
(185,'Hewlings','محمد','1999-09-02','Radès','Tunisia'),
(186,'Jakel','Mayne','1999-02-23','Goundam','Mali'),
(187,'Hilldrop','Deina','2001-01-18','Casablanca','Morocco'),
(188,'Milroy','Maritsa','2001-07-18','Sidi Lamine','Morocco'),
(189,'Tomlinson','Barbaraanne','1999-06-27','Chennevières-sur-Marne','France'),
(190,'Marder','Clarey','1999-12-12','Saint-Ouen','France'),
(191,'Lerwell','Erick','1999-10-12','Kayar','Senegal'),
(192,'Harkus','Kathryne','2000-10-27','Limoges','France'),
(193,'Gauntley','Justino','2002-07-17','Bhalil','Morocco'),
(194,'Burchall','محمد','2001-11-20','Évreux','France'),
(195,'Staterfield','Ingaberg','2000-07-26','Itzer','Morocco'),
(196,'Andresen','Judah','2000-08-11','Cesson','France'),
(197,'Eyden','Austine','2002-04-10','Le Blanc-Mesnil','France'),
(198,'Rydings','Kristo','1998-12-21','Carleton-sur-Mer','Canada'),
(199,'Alster','محمد','1999-11-13','Toulouse','France'),
(200,'Lampbrecht','Nancie','2000-10-28','Orange','France'),
(201,'Thorouggood','Guglielmo','2001-01-20','Lebel-sur-Quévillon','Canada'),
(202,'Treves','Tallia','1998-08-01','Rueil-Malmaison','France'),
(203,'Biddle','Hoyt','2001-06-24','Marseille','France'),
(204,'Phillcox','Annadiana','1999-07-07','La Goulette','Tunisia'),
(205,'Terrey','Yehudi','2002-06-08','Altkirch','France'),
(206,'Abbotts','Ruby','2000-01-14','Perpignan','France'),
(207,'VanBrugh','Arthur','2002-04-17','Cholet','France'),
(208,'Glidder','Cart','2001-01-31','Pointe-à-Pitre','Guadeloupe'),
(209,'Conrart','Isahella','2002-03-06','Al Metlaoui','Tunisia'),
(210,'Penney','Franklyn','2002-05-12','Ploemeur','France'),
(211,'Scoines','Lolly','1998-10-12','Cergy-Pontoise','France'),
(212,'Rix','Jessika','1999-11-01','Vedène','France'),
(213,'Deboy','Ambrosi','1999-08-12','Banff','Canada'),
(214,'Fisk','Derrek','1998-09-10','Banī Khallād','Tunisia'),
(215,'Crolly','Jens','1999-09-15','Saint-Brieuc','France'),
(216,'De Domenici','Jami','1999-07-09','Amiens','France'),
(217,'Sulter','Valentino','1999-01-25','Istres','France'),
(218,'Woolford','Eula','2002-07-10','Aulnay-sous-Bois','France'),
(219,'Johnikin','Welby','1999-01-04','Paris 01','France'),
(220,'Trimming','محمد','2001-07-20','Leduc','Canada'),
(221,'Silbermann','Silvan','2002-08-18','Cergy-Pontoise','France'),
(222,'Woolmore','Jakie','2001-08-09','Gibsons','Canada'),
(223,'Conley','Quill','1998-09-11','Hanna','Canada'),
(224,'Anning','Berty','1999-09-02','Gibsons','Canada'),
(225,'Cook','Codee','1999-10-10','Varennes','Canada'),
(226,'Habeshaw','Delano','1999-10-26','Périgueux','France'),
(227,'Whalebelly','Care','1999-05-13','Saint-Chamond','France'),
(228,'Bendix','Lurlene','2000-04-07','Puteaux','France'),
(229,'Flaherty','Robinett','2002-09-13','Boulogne-Billancourt','France'),
(230,'Livzey','Eunice','2002-05-11','Yélimané','Mali'),
(231,'Oake','Cornela','2001-08-29','Mascouche','Canada'),
(232,'Hasluck','Peria','1999-02-26','Paris 13','France'),
(233,'Beedham','Amandie','1999-03-04','Courtaboeuf','France'),
(234,'Tigner','Dredi','2000-11-18','Mahajanga','Madagascar'),
(235,'Prott','Hesther','2002-02-13','Longjumeau','France'),
(236,'Kemston','Bartram','2001-04-29','Ambato Boeny','Madagascar'),
(237,'Boken','محمد','1998-10-05','Lac-Brome','Canada'),
(238,'Cassin','Lari','2000-12-09','Brampton','Canada'),
(239,'Conneau','Carley','2001-09-25','Dosso','Niger'),
(240,'Blockley','Darbee','2001-07-07','Ambatolampy','Madagascar'),
(241,'Eefting','Chaddy','2001-06-03','Guiglo','Ivory Coast'),
(242,'Moyles','Jeremias','2000-02-25','Koungheul','Senegal'),
(243,'Bosworth','Isa','1998-10-23','Melun','France'),
(244,'Nettle','Inger','1998-10-20','Sbikha','Tunisia'),
(245,'Macieja','Ariana','2001-01-13','Kerrobert','Canada'),
(246,'Dyzart','Minnnie','2002-05-01','Moroni','Comoros'),
(247,'Jeannenet','Phip','2002-06-23','Paris 12','France'),
(248,'Gladbach','Seward','2001-10-06','Bouctouche','Canada'),
(249,'Blazewicz','Mikel','2001-11-03','Marystown','Canada'),
(250,'Fader','Zarah','2000-03-25','Vaughan','Canada'),
(251,'Ridehalgh','Elysee','1998-09-24','Chartres','France'),
(252,'Kalkhoven','Hertha','2001-09-18','Petrolia','Canada'),
(253,'Winstone','Ertha','2001-05-26','Nîmes','France'),
(254,'Chadwick','Katuscha','2002-01-25','Carquefou','France'),
(255,'Ather','Debbie','2001-12-29','Nguékhokh','Senegal'),
(256,'Cherry','Vale','1999-02-05','Albi','France'),
(257,'Heyburn','Urbano','2001-08-18','Angers','France'),
(258,'Flower','Mala','2002-09-20','Abbeville','France'),
(259,'Gilders','Olva','2002-01-13','Bourg-en-Bresse','France'),
(260,'Archard','Elsbeth','2000-07-29','Norfolk County','Canada'),
(261,'Shine','Jessy','1998-11-16','Valence','France'),
(262,'Ready','Elwira','1998-07-28','Tanalt','Morocco'),
(263,'Haburne','Mirabel','2000-01-29','Brétigny-sur-Orge','France'),
(264,'Blything','Leigh','2000-07-13','Metz','France'),
(265,'Raraty','Lenna','2002-07-10','Moulins','France'),
(266,'Deniseau','محمد','2000-12-07','Saint-Lô','France'),
(267,'Myner','Lionel','2001-10-15','Moutsamoudou','Comoros'),
(268,'Lackinton','Hattie','1999-04-29','Poitiers','France'),
(269,'Doring','محمد','2000-01-19','Pointe-à-Pitre','Guadeloupe'),
(270,'Innocenti','Myrle','1999-10-30','Saint-Étienne','France'),
(271,'Schultheiss','Jdavie','2002-01-20','Grenoble','France'),
(272,'Tisun','Claiborne','2002-03-19','Grand-Bassam','Ivory Coast'),
(273,'Drinkale','Melanie','1998-06-17','Salaberry-de-Valleyfield','Canada'),
(274,'Mattis','Rafe','1998-07-26','Amiens','France'),
(275,'Japp','Janeczka','1998-11-07','Paris 12','France'),
(276,'Blaycock','Lita','2001-10-12','Zaïo','Morocco'),
(277,'Hammerton','Elias','1999-10-30','Bondy','France'),
(278,'Aggis','Karine','2000-09-19','Grenoble','France'),
(279,'Macvain','Nanon','2001-07-27','Basel','Switzerland'),
(280,'Butlin','Delmor','2001-07-14','Fermont','Canada'),
(281,'Frohock','محمد','2001-08-31','Bouaké','Ivory Coast'),
(282,'Belson','Luciana','2000-07-15','Farafangana','Madagascar'),
(283,'Burchall','Margareta','2001-11-08','Chalon-sur-Saône','France'),
(284,'Dannehl','Jamison','2001-01-04','Le Blanc-Mesnil','France'),
(285,'McDool','محمد','2002-05-02','Gjoa Haven','Canada'),
(286,'MacDiarmond','Bellina','2000-01-24','Armstrong','Canada'),
(287,'Whitcher','Bailey','1999-07-20','Wissembourg','France'),
(288,'Labba','Bennie','1998-09-09','Quimperlé','France'),
(289,'Shakelady','Morley','1999-02-23','Tan-Tan','Morocco'),
(290,'Faltin','Barbabra','2002-04-12','Dorval','Canada'),
(291,'Serrurier','Mignon','1998-11-29','Mtsamdou','Comoros'),
(292,'Rudland','Shannon','2000-08-06','La Rochelle','France'),
(293,'Lewisham','Oralla','2002-04-16','Grenoble','France'),
(294,'Yea','محمد','1999-06-03','La Roche-sur-Yon','France'),
(295,'Wyvill','Deva','2001-07-12','Angoulême','France'),
(296,'Offill','Brena','2001-11-27','Savigny-le-Temple','France'),
(297,'Tamsett','Jarred','2002-03-23','Levallois-Perret','France'),
(298,'Figure','Weider','1998-08-06','Tillabéri','Niger'),
(299,'McFarland','محمد','2001-09-28','Adstock','Canada'),
(300,'Francillo','Nadiya','1999-09-29','Dijon','France'),
(301,'Killerby','Olenolin','1998-11-24','La Rochelle','France'),
(302,'Lappin','Philipa','2000-09-07','Saint-Herblain','France'),
(303,'Fundell','Aubry','1998-06-17','Gap','France'),
(304,'Matsell','Hester','2001-07-31','Courbevoie','France'),
(305,'Tweedell','Bent','2001-02-26','Saint-Priest','France'),
(306,'Scopyn','Mufi','1999-10-01','Dioila','Mali'),
(307,'Braizier','Trixi','2000-11-25','Arcachon','France'),
(308,'Kirby','Johna','1999-09-20','Marseille','France'),
(309,'Winspire','Britt','2000-03-25','Rislane','Morocco'),
(310,'Chicchelli','Maddi','1999-11-17','Lyon','France'),
(311,'Castilla','Gwenore','2001-12-14','Strasbourg','France'),
(312,'Rosenbarg','Obie','2001-05-18','Nice','France'),
(313,'Collier','Wallis','1998-10-07','Tournon-sur-Rhône','France'),
(314,'Parsonage','Misty','2000-06-12','Baume-les-Dames','France'),
(315,'Troyes','Mellicent','1998-08-02','Barrhead','Canada'),
(316,'Belcham','Lucho','1999-09-22','Béoumi','Ivory Coast'),
(317,'Woolway','Dina','1999-10-13','Prévost','Canada'),
(318,'Pickerin','Cece','2001-08-30','Crossfield','Canada'),
(319,'Barkworth','Xylia','1998-10-07','Aix-en-Provence','France'),
(320,'Lorincz','Kiele','2001-03-29','Swan Hills','Canada'),
(321,'Magowan','Killy','1999-09-26','Suresnes','France'),
(322,'Milbourn','Dagny','2000-08-05','Avignon','France'),
(323,'Ganley','محمد','2001-03-31','Skhira','Tunisia'),
(324,'Huett','Vilma','2000-08-13','Kindersley','Canada'),
(325,'Olner','محمد','2002-05-26','Tiadiaye','Senegal'),
(326,'Gulberg','Hope','2002-03-26','Fos-sur-Mer','France'),
(327,'Pierri','Barbara','2000-02-04','Paris 18','France'),
(328,'Carous','Salvador','2000-05-13','Tifni','Morocco'),
(329,'Moorey','Heloise','2000-07-27','Toulouse','France'),
(330,'Yewdall','Brittni','2002-04-30','Saint-Brieuc','France'),
(331,'Fountaine','Cindie','1999-04-30','Banbalah','Tunisia'),
(332,'Zeal','Kellia','1998-11-12','Rouen','France'),
(333,'Skakunas','Barthel','2000-01-10','Tanalt','Morocco'),
(334,'Offiler','Shane','1999-09-09','Creil','France'),
(335,'Barrack','Nigel','2001-09-14','Kolondiéba','Mali'),
(336,'Harrington','Iolanthe','1998-10-02','Saint-Julien-en-Genevois','France'),
(337,'Narey','Lanie','1998-07-03','Otterburn Park','Canada'),
(338,'Molson','Lyon','1998-10-23','Thetford-Mines','Canada'),
(339,'Braidon','Joshia','1998-10-03','Arivonimamo','Madagascar'),
(340,'Pohls','Dinah','2001-06-11','Chambéry','France'),
(341,'Kinnerley','Kristina','2001-11-29','Antsiranana','Madagascar'),
(342,'Handes','Starlene','2000-06-04','Parthenay','France'),
(343,'Copper','محمد','2002-07-29','Ayorou','Niger'),
(344,'Beazer','Kettie','2001-01-05','Tunis','Tunisia'),
(345,'Keelinge','Robbyn','2000-03-26','Dollard-Des Ormeaux','Canada'),
(346,'Knolles-Green','Idelle','1998-09-07','Villeneuve-d\'Ascq','France'),
(347,'Spear','Cleo','2000-08-22','Ladysmith','Canada'),
(348,'Dulany','Vale','2001-01-17','Gardanne','France'),
(349,'Stang-Gjertsen','Berthe','2001-01-26','Notre-Dame-des-Prairies','Canada'),
(350,'Liddon','Garold','2001-11-24','Boulogne-Billancourt','France'),
(351,'Pherps','Sutton','2002-03-24','Colmar','France'),
(352,'Bridat','Tremayne','2001-02-24','Melun','France'),
(353,'Reicharz','Carla','2002-06-16','Thorold','Canada'),
(354,'Barnish','Trista','2000-06-01','Charleville-Mézières','France'),
(355,'Aylward','Lizzie','2002-07-05','Raymond','Canada'),
(356,'Milson','Lyndsie','1998-10-27','Niort','France'),
(357,'Antognetti','Casper','1999-03-29','Tours','France'),
(358,'Gollop','Hedwig','2002-09-02','Bonneuil-sur-Marne','France'),
(359,'Coldtart','Alexandrina','2001-09-10','Paris 09','France'),
(360,'Beckson','Collette','2000-02-17','Saint-Augustin','Canada'),
(361,'Rotchell','Carla','2002-03-15','Bourg-en-Bresse','France'),
(362,'Benson','Basilio','1999-10-01','Châtillon','France'),
(363,'Mollene','Zilvia','2001-01-31','Plessisville','Canada'),
(364,'Towriss','Alic','2001-08-09','Castres','France'),
(365,'Mycock','Morse','2001-02-09','Riah','Morocco'),
(366,'Keenlayside','Thoma','2000-06-21','Nantes','France'),
(367,'Henrys','Noemi','2001-09-29','Montpellier','France'),
(368,'Catenot','Miles','2001-08-19','Saint-Denis','France'),
(369,'Klimmek','محمد','2002-04-08','Lyon','France'),
(370,'Karmel','محمد','1999-08-21','Mitry-Mory','France'),
(371,'Denzilow','Pierre','2001-04-02','Saint-Chamond','France'),
(372,'Knowlden','Babette','2000-04-04','Blois','France'),
(373,'Craydon','Drusilla','2000-09-02','Nefta','Tunisia'),
(374,'Clemo','Gilbertina','2000-12-03','Espanola','Canada'),
(375,'Swindells','Chen','1998-11-27','Guyancourt','France'),
(376,'Chessum','Elysha','2001-04-21','Tours','France'),
(377,'Riddall','Jodi','2002-08-29','Gandiaye','Senegal'),
(378,'Boylund','Kathi','1999-11-05','Concord','Canada'),
(379,'Harmstone','Olenka','1998-12-05','Oued Laou','Morocco'),
(380,'Villaret','Pamella','2000-03-11','Lyon','France'),
(381,'Ryland','Cally','2001-12-08','Villejuif','France'),
(382,'Morgon','Tades','1999-07-23','Paris 04','France'),
(383,'Potes','Culley','1998-07-21','Arras','France'),
(384,'Parkman','Timmi','2001-10-27','Salon-de-Provence','France'),
(385,'Saller','Read','1999-04-30','Roissy Charles-de-Gaulle','France'),
(386,'Wellstood','Cort','2001-10-13','Guéret','France'),
(387,'Vinker','Cointon','1999-10-01','Guérande','France'),
(388,'Seekings','Dallis','2001-01-18','Le Raincy','France'),
(389,'Norridge','Gisella','2001-10-23','Mahdia','Tunisia'),
(390,'Llopis','Chantal','2001-10-03','Saint-Joseph-de-Coleraine','Canada'),
(391,'Bayston','Kristine','1999-10-28','Le Cannet','France'),
(392,'McCrachen','Friedrick','2002-01-09','Revelstoke','Canada'),
(393,'Methuen','Gaylord','1999-10-19','Dumbéa','New Caledonia'),
(394,'Pray','Nedda','1999-11-14','Marseille','France'),
(395,'Bellam','Silas','2002-06-18','Nancy','France'),
(396,'Pennick','Paco','2000-09-14','Lille','France'),
(397,'Beneteau','Flin','1998-07-14','Ouro Sogui','Senegal'),
(398,'Tilbey','Kit','2002-03-07','Oumé','Ivory Coast'),
(399,'Follitt','Yuma','2002-04-13','Bi’r al Ḩufayy','Tunisia'),
(400,'Bust','Doralin','2000-09-04','Vannes','France'),
(401,'Girkin','Lissy','2000-02-27','Aubenas','France'),
(402,'Cella','Colby','2001-09-20','Paris 12','France'),
(403,'Cranke','Langston','1999-07-14','Paris 08','France'),
(404,'Tardiff','Gertrudis','2000-12-26','Grande Cache','Canada'),
(405,'McKinnell','Gerhardine','2000-10-08','Lloydminster','Canada'),
(406,'Whitnall','Bruce','1998-10-20','Saint-Laurent-Blangy','France'),
(407,'Hightown','محمد','2001-01-03','Landivisiau','France'),
(408,'O\'Cannavan','Germana','2001-04-25','Dogondoutchi','Niger'),
(409,'Maddrah','Cole','2001-02-04','Toulon','France'),
(410,'Ould','Quintana','2002-07-04','Saint-Lambert-de-Lauzon','Canada'),
(411,'Spofforth','Harri','2001-04-25','Neuilly-sur-Marne','France'),
(412,'Noriega','محمد','1999-02-19','Poitiers','France'),
(413,'Seacroft','Sibyl','2000-07-25','Tajerouine','Tunisia'),
(414,'Cogdon','Berkie','2000-06-20','Biggar','Canada'),
(415,'Knight','Janean','2002-03-12','Ampasimanolotra','Madagascar'),
(416,'Brundill','Randie','1998-07-31','Dijon','France'),
(417,'Havard','Osmund','2001-12-30','Paris 18','France'),
(418,'Maycey','Kalle','2001-06-24','Lyon','France'),
(419,'Greguoli','Tonia','2000-08-01','Timoulilt','Morocco'),
(420,'Bachellier','Niven','2002-04-21','Rennes','France'),
(421,'Doggett','Quinn','2000-07-01','Suresnes','France'),
(422,'Trengrove','Lucie','2001-03-29','Oued Zem','Morocco'),
(423,'Belk','Markus','1999-07-03','Swift Current','Canada'),
(424,'Swaffer','Alverta','2002-07-25','Dammarie-les-Lys','France'),
(425,'Feyer','Crista','1998-07-11','Adar','Morocco'),
(426,'Elden','Mill','1999-10-27','Adstock','Canada'),
(427,'Bearward','Alis','2001-06-29','Blainville','Canada'),
(428,'Kristof','Lauryn','2001-06-13','Wabana','Canada'),
(429,'Hill','Peggy','1999-10-25','El Hamma','Tunisia'),
(430,'Masdin','Hillie','2002-06-17','Lacroix-Saint-Ouen','France'),
(431,'Ravilus','Charlot','2000-12-04','Chaumont','France'),
(432,'Sinnett','Sidonia','2002-05-11','Levallois-Perret','France'),
(433,'Michael','Cynthia','1998-08-30','Le Havre','France'),
(434,'Maryska','Ulrica','2002-02-22','Tours','France'),
(435,'Foulcher','Astrix','1998-11-12','Puteaux','France'),
(436,'Boggis','Clareta','2000-02-29','Belfast','Canada'),
(437,'Tarbox','Kerk','2001-09-10','Mirecourt','France'),
(438,'Goodered','Joeann','2000-05-04','Paris 19','France'),
(439,'Anderl','Chandal','2002-01-13','Soissons','France'),
(440,'Petrazzi','Bessie','2001-07-28','Sechelt','Canada'),
(441,'Bonham','Cammie','2002-03-03','Labrador City','Canada'),
(442,'Vasilenko','Lelia','1999-04-02','Orléans','France'),
(443,'Cords','Lexine','2001-05-15','Goulmima','Morocco'),
(444,'Bungey','Katherine','2000-12-04','Niort','France'),
(445,'Fraczek','Cam','2000-02-12','Aix-en-Provence','France'),
(446,'Zuanazzi','Kelcie','1999-12-12','Whistler','Canada'),
(447,'Hurrell','محمد','2002-07-19','Maroantsetra','Madagascar'),
(448,'Langthorne','Marty','1999-07-21','Arcueil','France'),
(449,'Simonin','Lester','2000-09-24','Saint-Ambroise','Canada'),
(450,'Beacroft','Leicester','2001-03-27','Saint-Ambroise','Canada'),
(451,'Ortsmann','Murielle','1998-08-26','Annecy','France'),
(452,'Quirk','Calida','2002-03-27','Akoupé','Ivory Coast'),
(453,'Seaward','Erma','2002-03-04','Montpellier','France'),
(454,'Maddocks','Alla','1999-06-23','Pictou','Canada'),
(455,'Morch','Hyacinthe','1998-07-22','Invermere','Canada'),
(456,'Mccaull','Marillin','1999-02-18','Puteaux','France'),
(457,'Slight','Mattie','1999-05-12','Melun','France'),
(458,'Sherbrook','Shelba','2001-01-30','Albi','France'),
(459,'Baddiley','Ruthi','2001-03-27','Cergy-Pontoise','France'),
(460,'Cloughton','Cordey','2000-11-01','Roberval','Canada'),
(461,'Bennedick','Jeromy','2001-12-04','Taoudenni','Mali'),
(462,'Pybworth','Findlay','1999-07-16','Bastia','France'),
(463,'Mancktelow','Willi','2000-06-01','La Roche-sur-Yon','France'),
(464,'Ebunoluwa','محمد','2002-09-19','Douarnenez','France'),
(465,'Carlet','محمد','2000-01-27','Maïné Soroa','Niger'),
(466,'Grigorio','Maribelle','1999-12-13','Al Metlaoui','Tunisia'),
(467,'McColgan','Kellby','1998-11-19','Strasbourg','France'),
(468,'Deveral','Fee','2002-05-25','Saint-Bruno-de-Guigues','Canada'),
(469,'Mealing','Issy','1999-09-29','Killarney','Canada'),
(470,'Crossfeld','Emelen','2001-07-15','Briey','France'),
(471,'Sulland','Gauthier','2000-09-03','Otterburn Park','Canada'),
(472,'McGarel','Margaret','2001-05-28','Summerside','Canada'),
(473,'Piaggia','Rolf','2000-12-29','Bayeux','France'),
(474,'Brockhouse','Fifine','1998-11-07','Pau','France'),
(475,'Francino','محمد','2000-10-02','Tiassalé','Ivory Coast'),
(476,'Corrado','Clair','2002-05-20','Ait Ali','Algeria'),
(477,'Ellacott','Kali','2001-10-14','Arras','France'),
(478,'Darmody','محمد','1999-12-25','Eybens','France'),
(479,'Coldrick','Rois','2001-02-03','El Mida','Tunisia'),
(480,'Larimer','Editha','2002-05-12','Bruxelles','Belgium'),
(481,'Crossman','Lynnett','2001-03-04','Inuvik','Canada'),
(482,'Barends','Christal','1998-06-23','Guéret','France'),
(483,'Pigott','Bendicty','2002-08-19','Dijon','France'),
(484,'Aughtie','Janek','2000-12-21','Taghazout','Morocco'),
(485,'Wheway','Ivor','2000-02-12','Saint-Bruno','Canada'),
(486,'Airlie','Gilligan','2001-02-21','Lyon','France'),
(487,'MacCambridge','Randolph','2001-10-22','Nantes','France'),
(488,'Knowles','Xever','2000-09-30','Dawwār Tīnjah','Tunisia'),
(489,'Cordon','Percival','2000-03-24','Omemee','Canada'),
(490,'Glackin','Paloma','2002-04-18','Rennes','France'),
(491,'Gammage','Merl','2000-05-02','Issoire','France'),
(492,'Gowers','Therine','2000-05-25','Bay Roberts','Canada'),
(493,'Moraleda','Cherice','1999-05-01','Landivisiau','France'),
(494,'Quarlis','Kathy','1999-09-08','Saint-Fargeau-Ponthierry','France'),
(495,'Swinbourne','Padget','2002-03-17','Ntsoudjini','Comoros'),
(496,'Knolles-Green','Brinn','1999-03-09','Lions Bay','Canada'),
(497,'Philpot','محمد','2001-02-16','Waoundé','Senegal'),
(498,'Lidgely','محمد','2000-04-24','Mont-Joli','Canada'),
(499,'Critoph','محمد','2001-08-23','Belfast','Canada'),
(500,'Grey','Lilla','2000-07-23','Moulins','France'),
(501,'Andreucci','Violetta','2000-05-04','Dauphin','Canada'),
(502,'Geekin','Devondra','2000-06-02','Bouaflé','Ivory Coast'),
(503,'Well','Cicily','2002-06-21','Bastia','France'),
(504,'Velez','Kerrie','1998-09-06','Paris 15','France'),
(505,'Kasperski','Joye','2001-06-20','Digne-les-Bains','France'),
(506,'Baudinet','محمد','1999-01-15','Cergy-Pontoise','France'),
(507,'Gherardelli','Ana','1998-07-24','Maradi','Niger'),
(508,'Garling','Casey','2001-09-15','Ussel','France'),
(509,'Stoke','Florenza','2000-06-14','Sophia Antipolis','France'),
(510,'Grew','Adara','2000-09-03','Bonneuil-sur-Marne','France'),
(511,'Bownde','Astra','2002-05-29','Bourges','France'),
(512,'Blaze','Vanya','2001-10-30','Montélimar','France'),
(513,'Lothean','Hermine','2001-12-26','Thessalon','Canada'),
(514,'Bein','Julian','2001-04-24','Diré','Mali'),
(515,'Haverson','Star','2000-02-19','Bordeaux','France'),
(516,'Pullan','Kippie','2000-07-18','Siliana','Tunisia'),
(517,'Catton','Baldwin','2000-01-20','Sarlat-la-Canéda','France'),
(518,'Ranking','Josey','2001-03-16','Sochaux','France'),
(519,'Grinter','Ingar','1998-07-20','Noisy-le-Grand','France'),
(520,'De Vuyst','Gretta','1999-02-15','Espanola','Canada'),
(521,'Jobbing','محمد','2001-04-14','Ambohitseheno','Madagascar'),
(522,'Larter','محمد','1999-06-06','Manning','Canada'),
(523,'Semiras','Anatol','1999-01-23','Mavingouni','Comoros'),
(524,'Giacovazzo','Jaymie','2000-07-23','Nantes','France'),
(525,'Le Fleming','Chastity','1999-03-04','Roissy Charles-de-Gaulle','France'),
(526,'Kinver','Josey','2000-02-25','Sefrou','Morocco'),
(527,'Kalisch','Mendy','1998-08-26','Roubaix','France'),
(528,'Commin','Aida','2000-11-05','Antalaha','Madagascar'),
(529,'Jeens','Huntley','1998-09-02','Les Coteaux','Canada'),
(530,'Yakutin','Marleen','2001-01-24','Maïné Soroa','Niger'),
(531,'Finnis','Ailis','2001-08-26','Taourirt','Morocco'),
(532,'Panner','Orazio','2002-03-28','Abidjan','Ivory Coast'),
(533,'Boon','Guntar','1999-06-19','Sherwood Park','Canada'),
(534,'Kasparski','Murray','1998-08-25','Saint-Maurice-l\'Exil','France'),
(535,'Witling','Selle','2001-06-02','Roissy Charles-de-Gaulle','France'),
(536,'Aspden','Ula','1999-11-27','Les Abymes','Guadeloupe'),
(537,'Lorimer','Jaquenetta','2001-11-08','Nanterre','France'),
(538,'Cramer','محمد','1999-04-14','L\'Assomption','Canada'),
(539,'Ewbanke','محمد','2002-05-08','Zarzis','Tunisia'),
(540,'Wakley','Quintus','2001-05-03','Eybens','France'),
(541,'Queyeiro','محمد','1999-12-23','Timbuktu','Mali'),
(542,'Brazier','Cassie','1998-08-31','Firminy','France'),
(543,'Yeandel','Evangelia','2001-06-21','Wolfville','Canada'),
(544,'Ayce','Clovis','2000-11-20','Villefranche-sur-Mer','France'),
(545,'Randal','Angela','1999-10-06','Niort','France'),
(546,'Logie','Alessandra','2001-08-10','Paris La Défense','France'),
(547,'Pittel','Corliss','2002-01-11','Clermont-Ferrand','France'),
(548,'Burnall','Cozmo','2002-08-24','Roubaix','France'),
(549,'Balaisot','Sharyl','2002-03-23','Saint-Claude','France'),
(550,'Capozzi','Carie','2002-07-10','Orsay','France'),
(551,'Georghiou','Bary','2002-06-13','Suresnes','France'),
(552,'Jakobssen','Peyton','2001-12-22','Angers','France'),
(553,'Kells','Nikolia','1999-02-11','Kangani','Comoros'),
(554,'Copo','محمد','2000-07-21','Mantes-la-Jolie','France'),
(555,'Gamwell','Davita','2001-02-09','Thorold','Canada'),
(556,'Terrett','Huntley','2002-03-15','Fos-sur-Mer','France'),
(557,'Truswell','Shelly','1998-12-10','Ivry-sur-Seine','France'),
(558,'Garvey','Nicko','1999-08-19','Massy','France'),
(559,'Choules','Randolph','1999-01-24','Lens','France'),
(560,'Leaming','Calida','2000-04-16','Périgny','France'),
(561,'Carnall','Jade','1999-08-29','Trois-Rivières','Canada'),
(562,'Owen','Karin','1999-09-29','Paris 13','France'),
(563,'Steagall','Gard','2000-02-24','Beloha','Madagascar'),
(564,'Methuen','Flossi','1998-07-16','Royan','France'),
(565,'Petch','Ilsa','2001-04-26','Agassiz','Canada'),
(566,'Artingstall','Paule','2001-09-08','Évreux','France'),
(567,'Ceillier','Cookie','1999-11-30','Chironkamba','Comoros'),
(568,'Mulqueen','Katherina','1999-03-17','Digne-les-Bains','France'),
(569,'Trewhella','محمد','2001-07-17','Épinal','France'),
(570,'Gwioneth','Wyn','1998-12-21','San','Mali'),
(571,'Dowda','Darrell','2000-12-16','Vegreville','Canada'),
(572,'Gauvain','Omero','2002-05-22','Rosthern','Canada'),
(573,'Doble','Pete','2001-12-11','Kentville','Canada'),
(574,'Llewhellin','Ronna','1998-07-21','Mahajanga','Madagascar'),
(575,'Yvon','Gennifer','1999-08-10','Bordeaux','France'),
(576,'Daynter','Cati','2002-07-21','Angers','France'),
(577,'Stonnell','Karl','2002-05-08','Béoumi','Ivory Coast'),
(578,'Littlejohns','محمد','2001-01-21','Melun','France'),
(579,'Schuelcke','Ryann','2000-07-13','Antony','France'),
(580,'McKenny','Forest','2001-06-25','Salon-de-Provence','France'),
(581,'Ferraraccio','Colas','2000-06-06','Bourg-lès-Valence','France'),
(582,'Blumire','Karrie','1999-07-12','Houmt Souk','Tunisia'),
(583,'Yeskov','Patrizio','2002-03-15','Ambalavao','Madagascar'),
(584,'Witcher','Ladonna','2002-04-08','Avignon','France'),
(585,'Suarez','Bibbie','2001-03-17','Amiens','France'),
(586,'Torrisi','Aldrich','1998-09-06','Rennes','France'),
(587,'Duignan','Kinna','1999-06-03','Montpellier','France'),
(588,'Woolcocks','Sioux','2002-03-13','Valence','France'),
(589,'Shelmardine','Joaquin','2002-03-13','Saint-Priest-en-Jarez','France'),
(590,'Ost','Arturo','2002-04-22','Saint-Étienne','France'),
(591,'Phayre','Corbie','2001-03-09','Altkirch','France'),
(592,'Gosnall','محمد','1999-12-24','Chambéry','France'),
(593,'Umbert','Moyra','2002-03-01','Menzel Abderhaman','Tunisia'),
(594,'Weeke','Birdie','1998-06-22','Sakaraha','Madagascar'),
(595,'McKeating','Anson','2002-01-07','La Goulette','Tunisia'),
(596,'Desforges','Jerad','1999-07-31','Niverville','Canada'),
(597,'Parminter','Garner','1998-07-25','Marseille','France'),
(598,'Oxterby','Lucho','2001-10-29','Issy-les-Moulineaux','France'),
(599,'Bolley','Danyette','2001-07-18','Oulmes','Morocco'),
(600,'Jallin','Mavra','2001-01-03','Sfax','Tunisia'),
(601,'Woodberry','محمد','1998-09-12','Morangis','France'),
(602,'Huddle','Hank','1999-06-20','Airdrie','Canada'),
(603,'Bister','Mitch','1998-10-16','Dumbéa','New Caledonia'),
(604,'Watson','Jillian','2001-11-01','Clermont-Ferrand','France'),
(605,'Kinde','Cornela','2001-07-25','Bedford','Canada'),
(606,'Abrahamson','محمد','2001-02-26','Gueltat Zemmour','Morocco'),
(607,'Pilmer','Quintina','2002-04-27','Timoulilt','Morocco'),
(608,'Ferney','Brant','1999-10-25','Annecy','France'),
(609,'Frisch','Durant','1998-08-18','Arnprior','Canada'),
(610,'Estoile','Josepha','2001-03-12','Marseille','France'),
(611,'McDonagh','Mandie','2000-10-06','Périgny','France'),
(612,'Greson','Micheil','1999-10-16','Chambéry','France'),
(613,'Cescot','Quintana','2002-03-23','Lyon','France'),
(614,'Helm','Abelard','1998-10-07','Toronto','Canada'),
(615,'Gregh','Barn','2002-08-30','Mérignac','France'),
(616,'Jedrzej','Marylinda','1998-10-27','Abengourou','Ivory Coast'),
(617,'Nunns','Zeb','2000-08-25','Aix-les-Bains','France'),
(618,'Kuhl','Tatiana','2000-03-10','Pembroke','Canada'),
(619,'Brombell','Melvin','1999-01-03','Warwick','Canada'),
(620,'Bisseker','Nikki','1998-09-23','Sassandra','Ivory Coast'),
(621,'Bonhan','Donielle','2002-04-16','Vitry-le-François','France'),
(622,'Aers','Quinlan','2000-09-23','Montréal-Ouest','Canada'),
(623,'Camelli','محمد','2000-11-13','Lyon','France'),
(624,'Torvey','محمد','2000-06-11','Brikcha','Morocco'),
(625,'Tyrwhitt','Kylynn','2000-02-19','Oxbow','Canada'),
(626,'Kupka','Ugo','1998-12-21','Carrières-sur-Seine','France'),
(627,'Scothern','Enriqueta','2000-08-25','Tominian','Mali'),
(628,'McCloy','محمد','2000-09-29','West Kelowna','Canada'),
(629,'MacTrustrie','Noe','2001-11-12','Nevers','France'),
(630,'Pennycord','Cyndi','2001-12-29','El Kef','Tunisia'),
(631,'Boscher','Trenton','1998-08-28','Saskatoon','Canada'),
(632,'Huebner','محمد','1999-07-15','Had Kourt','Morocco'),
(633,'Tilburn','Brod','2000-03-23','Paris 06','France'),
(634,'Comelini','Francine','2002-09-12','Angoulême','France'),
(635,'Summerside','Kent','1998-06-26','Cergy-Pontoise','France'),
(636,'Lesek','محمد','2000-11-03','Dabou','Ivory Coast'),
(637,'Springall','Melody','2002-05-07','Alarobia','Madagascar'),
(638,'Haliburn','Yardley','2002-09-07','Avignon','France'),
(639,'Hansman','Erinna','1998-06-22','Amiens','France'),
(640,'Essam','Roger','2001-08-05','Alma','Canada'),
(641,'Heenan','Janifer','1999-12-19','Châteauroux','France'),
(642,'Hearmon','Terrijo','2002-01-12','Oued Lill','Tunisia'),
(643,'Jellings','Carr','1999-04-10','Molsheim','France'),
(644,'Dowman','Wit','2001-12-14','Yorosso','Mali'),
(645,'Bidewel','Gianina','1998-08-08','Banī Khaddāsh','Tunisia'),
(646,'Kitchener','Caralie','2001-06-22','Delaware','Canada'),
(647,'Semerad','Haslett','2000-07-01','Qulaybīyah','Tunisia'),
(648,'MacMenamin','Aldus','1999-11-03','Vavoua','Ivory Coast'),
(649,'Addekin','Yasmeen','1998-12-16','Bridgewater','Canada'),
(650,'Rookesby','Iormina','2001-11-24','Tahala','Morocco'),
(651,'Maeer','Jason','2002-01-01','Décines-Charpieu','France'),
(652,'Kensley','Gordon','2002-06-01','Tsiombe','Madagascar'),
(653,'Nealand','Brook','2002-01-19','Winnipeg','Canada'),
(654,'Lesor','Teodoro','2000-03-30','Rouen','France'),
(655,'Devericks','Sansone','1999-09-22','Altona','Canada'),
(656,'Meese','Lelah','2002-01-29','Jasper Park Lodge','Canada'),
(657,'Mourant','Arin','2000-06-13','Amherst','Canada'),
(658,'Gerriessen','Adelina','1998-08-28','Issia','Ivory Coast'),
(659,'Peirce','محمد','1999-03-29','Flers','France'),
(660,'Heijnen','محمد','2002-02-24','Saint-Quentin-en-Yvelines','France'),
(661,'Kislingbury','Sal','2001-04-25','Tsaratanana','Madagascar'),
(662,'Rihanek','Jessy','2000-09-09','Taliouine','Morocco'),
(663,'McGoogan','محمد','1999-01-10','Héroumbili','Comoros'),
(664,'Gull','Sylvester','1999-11-27','Bridgewater','Canada'),
(665,'Brabben','Annetta','1999-02-17','Al ‘Āliyah','Tunisia'),
(666,'Burness','Jolene','2000-09-22','Belfort','France'),
(667,'Andreia','Myrlene','2002-08-16','Ténenkou','Mali'),
(668,'Tarling','Gerti','2000-08-28','Waterloo','Canada'),
(669,'Phair','Estrella','2001-03-01','Tafraout','Morocco'),
(670,'Corben','Kristi','2001-05-18','Hagondange','France'),
(671,'Priditt','Meir','1999-02-10','Poitiers','France'),
(672,'Jonke','Gerri','2001-03-09','Paris 12','France'),
(673,'Rosas','Mendel','2000-07-19','Puteaux','France'),
(674,'Quested','Theobald','2000-05-12','Ambalavao','Madagascar'),
(675,'Daventry','Bud','1998-07-02','Vitry-sur-Seine','France'),
(676,'Batthew','Hillier','2000-07-26','Montbrison','France'),
(677,'Edridge','Gunner','1999-09-07','Amparafaravola','Madagascar'),
(678,'Le Pine','Maggy','2000-12-01','Blois','France'),
(679,'McInerney','Elicia','2001-09-26','Andilamena','Madagascar'),
(680,'MacGown','Nick','2000-08-31','Les Coteaux','Canada'),
(681,'Funnell','Margy','2000-05-29','Hudson Bay','Canada'),
(682,'Skaife','Victor','1998-12-20','Louiseville','Canada'),
(683,'Paladino','Beck','1999-09-03','Yanfolila','Mali'),
(684,'Turmall','محمد','2002-08-23','Revelstoke','Canada'),
(685,'Phlipon','Darby','2001-10-31','Saint-Cloud','France'),
(686,'Quick','Atlante','2000-03-11','Bordeaux','France'),
(687,'Neesam','Maximilianus','2000-05-07','Paris 20','France'),
(688,'Esley','Emlyn','2002-03-11','West End','Canada'),
(689,'Keneford','Beverie','1998-12-27','Tessalit','Mali'),
(690,'McAlarney','Khalil','1998-08-30','Besançon','France'),
(691,'Sibbons','محمد','2001-10-23','Lavaur','France'),
(692,'Messum','Trenna','1998-10-27','Selkirk','Canada'),
(693,'Gyles','Jillayne','1999-10-06','Trélazé','France'),
(694,'Poulston','Lolita','1999-05-28','Reims','France'),
(695,'Patrick','Wayne','1999-10-27','Saint-Quentin-Fallavier','France'),
(696,'Rizzelli','Catlin','2000-08-10','Marseille','France'),
(697,'Elloit','Hermy','2000-01-13','Hantsport','Canada'),
(698,'De Cruce','محمد','1998-07-28','Dole','France'),
(699,'Hurd','Saree','2002-09-15','Paris 18','France'),
(700,'Bullan','Andros','1998-07-10','Paris 15','France'),
(701,'Madgwich','Rachel','2002-01-21','Swift Current','Canada'),
(702,'Preddle','Tedra','1998-07-19','Marne-la-Vallée','France'),
(703,'McDade','Edward','2001-09-22','Zinder','Niger'),
(704,'Smither','Sharia','2002-07-16','Laval','France'),
(705,'Selman','محمد','1998-06-24','Sainte-Martine','Canada'),
(706,'Syddall','Elvis','2000-10-12','Chantilly','France'),
(707,'Gilders','محمد','2000-05-13','Swan Hills','Canada'),
(708,'Keaveney','Zebulen','1999-01-18','Mulhouse','France'),
(709,'Dumke','Meg','2001-10-05','East Angus','Canada'),
(710,'Newiss','Britni','2000-12-26','Okotoks','Canada'),
(711,'Redwin','Joelly','2001-08-20','Harembo','Comoros'),
(712,'Guy','Christopher','1999-08-26','Clermont-Ferrand','France'),
(713,'Ord','Sada','2002-06-24','Cergy-Pontoise','France'),
(714,'Longdon','Corrine','1999-12-06','Bouillon','Belgium'),
(715,'Jammes','محمد','2002-01-31','Aylmer','Canada'),
(716,'Conville','Algernon','2001-02-04','La Garenne-Colombes','France'),
(717,'Bottom','Haleigh','1999-03-30','Montélimar','France'),
(718,'Antony','محمد','2001-01-05','Sikasso','Mali'),
(719,'Galero','Elliot','1999-06-22','Chaumont','France'),
(720,'Verney','Elmer','2002-08-21','Agen','France'),
(721,'Ricker','Rodolph','1999-04-20','Tours','France'),
(722,'Lauridsen','Nathalia','2002-07-02','El Jem','Tunisia'),
(723,'Clulee','Adella','1998-12-09','Pincher Creek','Canada'),
(724,'Siman','Domenic','1998-09-08','Sikasso','Mali'),
(725,'Auchterlonie','Ginelle','2001-09-03','Riah','Morocco'),
(726,'Blakes','Nissie','1998-09-29','Maradi','Niger'),
(727,'Rashleigh','Faina','2002-09-23','Orillia','Canada'),
(728,'Petrolli','Anthiathia','2002-06-07','Lagnieu','France'),
(729,'Parmeter','Lauri','1999-05-27','Dumbéa','New Caledonia'),
(730,'Guesford','Daven','2002-04-25','Guebwiller','France'),
(731,'Yellowley','Vinnie','2000-03-29','Sartrouville','France'),
(732,'Cogar','Lynnell','2001-10-23','Tours','France'),
(733,'Fegan','Devy','1998-09-08','Anyama','Ivory Coast'),
(734,'Sellan','Nathalia','2001-04-11','Mopti','Mali'),
(735,'Anger','Salli','2001-10-01','Tajerouine','Tunisia'),
(736,'Davinet','Claire','2001-03-28','Amparafaravola','Madagascar'),
(737,'Peltz','Abbe','1999-09-18','Rezé','France'),
(738,'Lewson','محمد','1999-01-12','Hoani','Comoros'),
(739,'Stivani','Maximilian','1999-12-27','La Tuque','Canada'),
(740,'Ades','Angelia','1999-05-11','Ayorou','Niger'),
(741,'Eivers','Lamar','1999-06-02','Flers','France'),
(742,'Sprules','Bryant','1998-10-02','Moroni','Comoros'),
(743,'Gavagan','Norry','1999-12-01','Chester','Canada'),
(744,'Dullingham','Towney','1998-11-10','Les Clayes-sous-Bois','France'),
(745,'Chawner','Guthrie','2000-06-28','Saint-Leu-la-Forêt','France'),
(746,'Newham','محمد','2000-04-19','Saint-Quentin-en-Yvelines','France'),
(747,'Benfell','Hartley','2001-09-19','Castelsarrasin','France'),
(748,'Calender','محمد','2001-10-16','Tifni','Morocco'),
(749,'Riep','Angel','2002-01-12','Sarnia','Canada'),
(750,'Eggleton','Flint','1999-10-11','Châteauroux','France'),
(751,'Inder','Evyn','2001-11-17','Besançon','France'),
(752,'Buckbee','Denyse','1998-09-11','Neepawa','Canada'),
(753,'Hazael','Dasha','1999-07-09','North Saanich','Canada'),
(754,'Marsay','Alberta','2000-10-25','Alarobia','Madagascar'),
(755,'Olifaunt','Jefferey','2000-10-10','Lomme','France'),
(756,'Comfort','محمد','2000-05-06','Schiltigheim','France'),
(757,'Halhead','Joshia','1999-09-30','Bonneville','France'),
(758,'Rowbury','Mal','2002-04-14','Belfast','Canada'),
(759,'Moncreiff','Rusty','2001-07-26','Port-Cartier','Canada'),
(760,'Hunnaball','Vinita','2000-11-01','Chantilly','France'),
(761,'Chaters','Gregoire','2002-08-26','Millau','France'),
(762,'Strewther','Lyell','2001-11-10','Soissons','France'),
(763,'Trimble','Reinhold','2001-09-17','Vaughan','Canada'),
(764,'Fritchly','Johnathon','1998-10-31','Arnprior','Canada'),
(765,'Handford','Dannel','2002-07-09','Mopti','Mali'),
(766,'Pedican','محمد','2001-10-05','Carcassonne','France'),
(767,'Sirman','محمد','2001-04-14','Paris 06','France'),
(768,'Raimbauld','Frannie','2000-06-01','Forestville','Canada'),
(769,'Goodsell','Lolly','2000-06-28','Toulouse','France'),
(770,'Kidds','Meredith','2001-12-12','Meylan','France'),
(771,'Kiddey','محمد','2000-10-22','Ath','Belgium'),
(772,'Burroughes','Wrennie','2001-01-03','Dimbokro','Ivory Coast'),
(773,'Weatherhogg','Aida','2000-06-29','Dijon','France'),
(774,'Enterlein','Vidovic','2001-07-09','Dawwār Tīnjah','Tunisia'),
(775,'Atton','Rodger','2002-04-27','Roanne','France'),
(776,'Timberlake','Britt','2000-06-19','Carcassonne','France'),
(777,'Olivia','محمد','2002-03-19','Roissy Charles-de-Gaulle','France'),
(778,'Furley','Basilio','2001-11-02','Orléans','France'),
(779,'Smewings','Ange','2001-11-10','Ponoka','Canada'),
(780,'Breen','Butch','2002-09-05','Andoany','Madagascar'),
(781,'Culcheth','Tedmund','1999-10-26','Poligny','France'),
(782,'Phalp','Igor','2001-09-26','Strasbourg','France'),
(783,'Cossom','Ainslee','2002-06-04','Fort McMurray','Canada'),
(784,'Tesdale','Steven','2001-04-19','Fort Macleod','Canada'),
(785,'Winchester','Everard','2001-05-07','Bromont','Canada'),
(786,'Spinley','Marta','1999-02-02','Tahoua','Niger'),
(787,'Izakoff','Welby','1999-11-27','Chamalières','France'),
(788,'Hallard','Aigneis','2002-09-08','Albi','France'),
(789,'Radnage','Teador','2002-05-13','Berck','France'),
(790,'Nisbet','Demetris','2001-12-16','Amboasary','Madagascar'),
(791,'Terram','Rudyard','2000-11-22','Maubeuge','France'),
(792,'Domke','Augie','2000-07-13','Reims','France'),
(793,'Boord','Sigvard','2000-02-09','Sélestat','France'),
(794,'Philcox','Jaimie','2001-12-24','Villeneuve-d\'Ascq','France'),
(795,'Caroll','Scarface','2000-10-06','Camrose','Canada'),
(796,'Desvignes','Biddy','2002-08-18','Rouen','France'),
(797,'Tupling','Marielle','1999-08-04','Paris 11','France'),
(798,'Shyres','محمد','2001-11-18','Grenoble','France'),
(799,'Hastwell','Jedidiah','1999-09-16','Montpellier','France'),
(800,'Fossick','محمد','2000-08-11','Princeton','Canada'),
(801,'Filipychev','Flinn','2000-12-08','Marne-la-Vallée','France'),
(802,'Simms','Brier','2001-06-02','Bouarouss','Morocco'),
(803,'Mathevon','Ceciley','2000-01-06','Niamey','Niger'),
(804,'Eyre','Gabriell','2002-02-01','Paris 09','France'),
(805,'Pleuman','Parke','2001-10-19','Charleville-Mézières','France'),
(806,'Marlin','Ado','2000-05-14','Guingamp','France'),
(807,'VanBrugh','Tracey','1999-05-25','Chester','Canada'),
(808,'Fullick','محمد','2000-06-02','Sima','Comoros'),
(809,'Rapaport','Aubrey','1999-11-27','Manjakandriana','Madagascar'),
(810,'Dyott','Mayor','1999-08-09','Nîmes','France'),
(811,'Bosman','Constanta','1999-12-24','Montbéliard','France'),
(812,'Caro','Whitaker','2001-01-07','Amiens','France'),
(813,'Eynaud','Joleen','2002-09-14','Swift Current','Canada'),
(814,'Witcherley','Phil','2002-04-30','Whistler','Canada'),
(815,'Obey','Dyanna','2001-10-04','Bonnyville','Canada'),
(816,'Thaxton','Aime','2001-11-11','Rungis','France'),
(817,'Eldered','Waverley','2002-04-20','Paris 03','France'),
(818,'Musk','Allayne','2002-05-06','Nancy','France'),
(819,'MacDwyer','Leta','2002-03-18','Cergy-Pontoise','France'),
(820,'Oliveto','Waylen','2000-06-17','Courbevoie','France'),
(821,'Georg','Thatch','2001-09-04','Espanola','Canada'),
(822,'Aiton','Thaxter','2002-05-07','Maintirano','Madagascar'),
(823,'O\'Concannon','Gregoire','2002-03-23','Lyon','France'),
(824,'Dowse','Earle','2001-03-24','Périgny','France'),
(825,'Orrocks','Claribel','2000-12-15','Bizerte','Tunisia'),
(826,'Scandrett','Winfield','1998-07-10','Paris 02','France'),
(827,'Calderonello','Lela','1999-09-27','Bagnères-de-Bigorre','France'),
(828,'Rendbaek','Nil','2002-04-23','Montpellier','France'),
(829,'Mockett','Bernice','2000-03-26','Toulon','France'),
(830,'Shalloo','Schuyler','2001-12-28','Le Mans','France'),
(831,'Joris','Pascale','2001-05-29','Fosses','France'),
(832,'Patullo','Lorette','1998-08-07','La Rochelle','France'),
(833,'Swainger','Edsel','2000-06-02','Parthenay','France'),
(834,'Lavalde','Adina','2000-11-18','Barrhead','Canada'),
(835,'Redwin','Aimee','1999-04-10','Toulouse','France'),
(836,'Bofield','محمد','2000-07-11','Pasadena','Canada'),
(837,'Lyokhin','Fina','2002-06-15','Taourirt','Morocco'),
(838,'Caesmans','محمد','1998-10-18','Gap','France'),
(839,'Jayme','Conrado','1999-09-17','Caluire-et-Cuire','France'),
(840,'Trehearn','Meara','2000-05-08','Nantes','France'),
(841,'Oslar','Delores','2001-09-11','Orléans','France'),
(842,'Rubinovici','Arvy','2001-10-11','Tabou','Ivory Coast'),
(843,'Adcock','Ricki','1999-06-14','Banī Khaddāsh','Tunisia'),
(844,'Phillot','Byrle','2001-03-23','Le Cannet','France'),
(845,'Albone','Bar','2002-07-21','Paris 14','France'),
(846,'Trott','Cathrin','2002-01-11','Saint-Quentin-Fallavier','France'),
(847,'Dabling','Tim','1999-07-25','Stonewall','Canada'),
(848,'Bleyman','Garold','2001-07-09','Hassi Berkane','Morocco'),
(849,'Chstney','Sarah','2001-12-10','Mahdia','Tunisia'),
(850,'Sullly','Steffen','2002-03-05','Grand Bank','Canada'),
(851,'Garretts','Sheff','2001-03-26','Newmarket','Canada'),
(852,'Filppetti','Eward','2000-12-20','Bourges','France'),
(853,'Trowl','Kendricks','1999-07-20','Hanover','Canada'),
(854,'Breckwell','Graham','2000-06-16','Épernay','France'),
(855,'Scouse','محمد','2001-07-13','Évreux','France'),
(856,'Lemmon','Claudine','2002-03-20','Abbotsford','Canada'),
(857,'Bower','Drusy','2000-10-08','Anmore','Canada'),
(858,'Axby','Kennie','1999-09-03','Grenoble','France'),
(859,'Auguste','Mandie','2001-11-24','Poitiers','France'),
(860,'Rawcliffe','محمد','1998-11-15','Lyon','France'),
(861,'Idle','Hashim','1999-07-13','La Roche-sur-Yon','France'),
(862,'Barras','Minna','2000-10-29','Québec','Canada'),
(863,'Ewer','Garwood','1998-11-06','Tours','France'),
(864,'Andreas','Vernon','2000-09-11','Vanadjou','Comoros'),
(865,'Dyneley','Frank','1998-10-30','Reims','France'),
(866,'Style','Olenolin','2002-05-17','Skhirat','Morocco'),
(867,'Greystock','Mollie','2000-08-09','Paris 19','France'),
(868,'Vickars','Lilian','1999-05-27','Bastia','France'),
(869,'Kilalea','Ferd','1999-10-07','Melun','France'),
(870,'Schlag','Nicolis','1999-09-13','Reims','France'),
(871,'Tincknell','محمد','1999-05-31','Épernay','France'),
(872,'Jakuszewski','Ruy','1999-08-26','Ouzini','Comoros'),
(873,'Trimme','Natalya','1999-07-09','Claresholm','Canada'),
(874,'Keeffe','Bondon','1998-10-25','Chebba','Tunisia'),
(875,'Gawthorpe','Corabelle','1999-01-07','Killarney','Canada'),
(876,'Able','Janot','2000-10-19','Fosses','France'),
(877,'Reignard','Doralia','2001-11-16','Diawara','Senegal'),
(878,'Wynrahame','Stanford','2000-09-14','Ussel','France'),
(879,'Tunsley','محمد','2000-07-08','Ferme-Neuve','Canada'),
(880,'Howgego','Dante','1999-02-26','Issy-les-Moulineaux','France'),
(881,'Adshede','Cynthia','1999-10-09','Marseille','France'),
(882,'Stolberg','Brigitta','1998-09-28','Voiron','France'),
(883,'Beames','Tammara','1999-10-15','Marne-la-Vallée','France'),
(884,'Svanini','Jessy','1999-08-08','Rungis','France'),
(885,'Romain','Cathee','1998-12-31','Salon-de-Provence','France'),
(886,'Madsen','Pietro','2001-04-10','Caen','France'),
(887,'Butteris','Rockey','2002-02-11','Niort','France'),
(888,'Loakes','Carilyn','2000-11-10','Lille','France'),
(889,'Shinefield','محمد','2000-01-20','Marolambo','Madagascar'),
(890,'Geach','Pinchas','2002-07-19','Cavaillon','France'),
(891,'Derisly','Trumaine','2000-02-24','Roissy Charles-de-Gaulle','France'),
(892,'Hucks','Floris','1999-05-24','Fresnes','France'),
(893,'Burbank','Dino','1998-10-05','Adzopé','Ivory Coast'),
(894,'Boscott','Pavel','2000-04-27','Paris 14','France'),
(895,'Klishin','Godwin','2002-06-19','Carcassonne','France'),
(896,'Serjeant','Quentin','1999-09-16','Taourirt','Morocco'),
(897,'Senton','Golda','2000-05-01','Vittel','France'),
(898,'Ewestace','محمد','2002-01-02','Melfort','Canada'),
(899,'Blindmann','Huey','1999-11-26','Diourbel','Senegal'),
(900,'Dethloff','Gunther','2002-03-28','Delson','Canada'),
(901,'Vogt','Korney','1998-07-14','Nancy','France'),
(902,'Everex','Karole','1998-10-01','Domont','France'),
(903,'Spread','Pace','1999-10-09','Okotoks','Canada'),
(904,'Donaho','Ranna','2000-09-12','Carthage','Tunisia'),
(905,'MacSwayde','Hastings','1998-06-20','La Talaudière','France'),
(906,'Begin','Thaddus','1998-12-21','Ambarakaraka','Madagascar'),
(907,'Lemonnier','Brittan','2002-01-23','Concord','Canada'),
(908,'Dengate','Ertha','1999-07-04','Saint-Pierre','Reunion'),
(909,'McShee','محمد','2000-03-15','Sylvan Lake','Canada'),
(910,'Lucia','Arlyne','2000-04-08','Sceaux','France'),
(911,'Monnoyer','Yorke','2002-06-14','Béziers','France'),
(912,'Welbourn','Vicky','1999-07-03','Sidi Yahia el Gharb','Morocco'),
(913,'Morant','Smith','2001-10-29','Le Mans','France'),
(914,'Connue','Myrlene','2002-03-23','Strasbourg','France'),
(915,'Sillis','محمد','2000-11-19','Bordeaux','France'),
(916,'Delf','Janetta','2001-06-13','Burnaby','Canada'),
(917,'Stranahan','Adelbert','1999-01-19','Barr','France'),
(918,'Woolaston','Hamlen','2001-02-04','Kinmparana','Mali'),
(919,'Thorn','Luther','1999-11-20','Besançon','France'),
(920,'Faas','Katharine','2001-04-24','Whitehorse','Canada'),
(921,'Walster','Kathleen','2001-03-20','Boulogne-Billancourt','France'),
(922,'Daine','Marys','2001-05-12','Reims','France'),
(923,'MacUchadair','Torr','2000-08-17','Montpellier','France'),
(924,'Favey','Jake','2002-08-16','Paris 07','France'),
(925,'Mannock','محمد','2001-02-02','Paris 07','France'),
(926,'Mogra','Barde','1999-03-13','Rennes','France'),
(927,'Anten','Berte','1998-06-23','Maskinongé','Canada'),
(928,'Derrington','Ignacio','2001-12-29','Clermont-Ferrand','France'),
(929,'Sondland','Ashien','2001-02-02','Antalaha','Madagascar'),
(930,'Bridie','Leland','1998-10-08','Macamic','Canada'),
(931,'Hedges','Delphine','2001-11-18','Puget-sur-Argens','France'),
(932,'Lowndes','Shellysheldon','2000-12-25','Killam','Canada'),
(933,'Agg','Elwood','2000-08-22','Port Colborne','Canada'),
(934,'Finding','Feodora','2000-11-19','Winterthur','Switzerland'),
(935,'Emby','Rakel','2001-02-23','Rouen','France'),
(936,'Ounsworth','Alexine','2001-03-09','Menzel Jemil','Tunisia'),
(937,'Rubes','Juanita','1999-05-03','Plérin','France'),
(938,'Rubinowicz','Micah','1998-09-05','Paris 12','France'),
(939,'Beddie','Veriee','2001-04-18','Oliver','Canada'),
(940,'Thomtson','Dian','1999-08-28','Mont-Dore','New Caledonia'),
(941,'Shadbolt','Enrique','1999-03-13','Ambatofinandrahana','Madagascar'),
(942,'O\'Tuohy','Joshua','2001-05-06','Montpellier','France'),
(943,'Jeandon','Rozella','1998-09-07','Alfortville','France'),
(944,'Stebbins','Elspeth','1998-07-30','Goussainville','France'),
(945,'Andrioletti','Cornela','1998-11-02','Arles','France'),
(946,'Saberton','Gustavo','1998-11-04','Issy-les-Moulineaux','France'),
(947,'Corbishley','Ermina','2002-03-25','Sainte-Anne-des-Plaines','Canada'),
(948,'Benallack','Yorgos','2001-08-04','Athabasca','Canada'),
(949,'Cauderlie','Cordie','2000-08-09','Matam','Senegal'),
(950,'Bricklebank','Dyna','2001-02-18','Qal‘at al Andalus','Tunisia'),
(951,'Caswill','Ricky','2001-01-16','Nanterre','France'),
(952,'Skillicorn','محمد','1999-03-30','Paris 08','France'),
(953,'Golightly','Aldus','1998-09-21','Cap-Santé','Canada'),
(954,'Fontes','Sybila','2000-02-12','Ouani','Comoros'),
(955,'Tarbin','Ardine','2001-02-02','Rambouillet','France'),
(956,'Bennion','Tess','2000-09-11','Brest','France'),
(957,'Thormwell','Jori','2000-07-08','Saint-Nazaire','France'),
(958,'Bohman','Chrotoem','1999-03-10','Aix-en-Provence','France'),
(959,'Rottgers','Amil','2000-12-18','Rouen','France'),
(960,'Jedrzejkiewicz','Debi','2002-09-13','Calgary','Canada'),
(961,'Valdes','Jocelin','2000-10-28','Papineauville','Canada'),
(962,'Montrose','Lorianne','2002-03-04','Paris 15','France'),
(963,'Oxenford','Alberik','2002-07-10','Arcueil','France'),
(964,'Craythorn','Addie','1998-12-22','Troyes','France'),
(965,'Showte','محمد','1999-03-29','El Aïoun','Morocco'),
(966,'Espine','Tamma','1999-09-08','Chartres','France'),
(967,'Ca','Aguie','2001-07-11','Lyon','France'),
(968,'Aiston','محمد','1999-11-06','Raymond','Canada'),
(969,'Fenny','Ingamar','1999-09-11','Hagondange','France'),
(970,'Skinley','Danya','2000-07-08','Cahors','France'),
(971,'Saunder','Gunner','2002-06-08','Toulon','France'),
(972,'Chapelhow','Mamie','2001-01-15','Wasquehal','France'),
(973,'Burghill','محمد','1998-11-26','Tanalt','Morocco'),
(974,'Baudic','Chelsy','2001-01-30','Amiens','France'),
(975,'Durrell','Frankie','2002-03-14','Marseille','France'),
(976,'Bartelli','Heidie','2001-05-05','Boulogne-Billancourt','France'),
(977,'Vockins','Salomon','1999-02-27','Sakaraha','Madagascar'),
(978,'McCullouch','Tate','2001-07-18','Le Teil','France'),
(979,'Aickin','Ruggiero','1998-10-29','Ambanja','Madagascar'),
(980,'Glanert','Marie-jeanne','2002-04-22','Luzern','Switzerland'),
(981,'Vale','محمد','2000-12-26','Créteil','France'),
(982,'Jahns','Lazare','1999-08-15','Oumé','Ivory Coast'),
(983,'Chadney','محمد','2001-01-20','Sydney Mines','Canada'),
(984,'Brugh','Rex','2000-11-30','Fox Creek','Canada'),
(985,'Kinnaird','Claudell','2002-08-20','Tiébo','Senegal'),
(986,'Chitson','Rabbi','2001-10-31','Toulouse','France'),
(987,'Prinnett','Rocky','2000-05-21','Ambatondrazaka','Madagascar'),
(988,'Kiehne','Susannah','2001-01-31','Pau','France'),
(989,'Dhennin','Daloris','2002-04-12','Tours','France'),
(990,'Gelsthorpe','Selina','2000-10-03','Sophia Antipolis','France'),
(991,'Dimblebee','Percival','2001-06-29','Timoulilt','Morocco'),
(992,'Aloshkin','Ikey','1999-02-12','Camrose','Canada'),
(993,'Larkby','Arny','2002-04-12','El Hamma','Tunisia'),
(994,'Doy','Corney','1998-12-24','Périgny','France'),
(995,'Nagle','Vidovic','1999-08-12','Niverville','Canada'),
(996,'Colson','Nancie','2002-05-08','Rouen','France'),
(997,'Basten','Stefan','2000-03-07','Dumbéa','New Caledonia'),
(998,'O\'Brian','Kristoforo','1999-03-23','Sophia Antipolis','France'),
(999,'McNickle','Dona','2000-08-17','Fenoarivo Be','Madagascar'),
(1000,'Madill','Gus','2001-10-13','Irricana','Canada');
/*!40000 ALTER TABLE `client` ENABLE KEYS */;
UNLOCK TABLES;

--
-- Table structure for table `commande`
--

DROP TABLE IF EXISTS `commande`;
/*!40101 SET @saved_cs_client     = @@character_set_client */;
/*!40101 SET character_set_client = utf8 */;
CREATE TABLE `commande` (
  `no_comm` int(11) NOT NULL AUTO_INCREMENT,
  `date_comm` datetime NOT NULL,
  PRIMARY KEY (`no_comm`)
) ENGINE=InnoDB AUTO_INCREMENT=501 DEFAULT CHARSET=utf8mb3 COLLATE=utf8mb3_general_ci;
/*!40101 SET character_set_client = @saved_cs_client */;

--
-- Dumping data for table `commande`
--

LOCK TABLES `commande` WRITE;
/*!40000 ALTER TABLE `commande` DISABLE KEYS */;
INSERT INTO `commande` VALUES
(1,'2025-03-01 00:00:00'),
(2,'2025-03-06 00:00:00'),
(3,'2025-03-02 00:00:00'),
(4,'2025-03-04 00:00:00'),
(5,'2025-02-28 00:00:00'),
(6,'2025-03-01 00:00:00'),
(7,'2025-02-28 00:00:00'),
(8,'2025-03-03 00:00:00'),
(9,'2025-03-05 00:00:00'),
(10,'2025-02-24 00:00:00'),
(11,'2025-02-25 00:00:00'),
(12,'2025-03-05 00:00:00'),
(13,'2025-03-05 00:00:00'),
(14,'2025-02-25 00:00:00'),
(15,'2025-03-02 00:00:00'),
(16,'2025-02-24 00:00:00'),
(17,'2025-03-06 00:00:00'),
(18,'2025-02-26 00:00:00'),
(19,'2025-02-24 00:00:00'),
(20,'2025-03-03 00:00:00'),
(21,'2025-02-27 00:00:00'),
(22,'2025-03-05 00:00:00'),
(23,'2025-02-26 00:00:00'),
(24,'2025-03-04 00:00:00'),
(25,'2025-03-02 00:00:00'),
(26,'2025-03-04 00:00:00'),
(27,'2025-03-05 00:00:00'),
(28,'2025-03-01 00:00:00'),
(29,'2025-03-02 00:00:00'),
(30,'2025-03-05 00:00:00'),
(31,'2025-03-05 00:00:00'),
(32,'2025-03-02 00:00:00'),
(33,'2025-03-04 00:00:00'),
(34,'2025-03-06 00:00:00'),
(35,'2025-03-04 00:00:00'),
(36,'2025-03-05 00:00:00'),
(37,'2025-03-02 00:00:00'),
(38,'2025-02-25 00:00:00'),
(39,'2025-02-27 00:00:00'),
(40,'2025-03-04 00:00:00'),
(41,'2025-03-06 00:00:00'),
(42,'2025-03-05 00:00:00'),
(43,'2025-02-27 00:00:00'),
(44,'2025-03-06 00:00:00'),
(45,'2025-02-25 00:00:00'),
(46,'2025-02-28 00:00:00'),
(47,'2025-02-28 00:00:00'),
(48,'2025-03-04 00:00:00'),
(49,'2025-03-06 00:00:00'),
(50,'2025-02-26 00:00:00'),
(51,'2025-03-05 00:00:00'),
(52,'2025-03-02 00:00:00'),
(53,'2025-03-05 00:00:00'),
(54,'2025-02-26 00:00:00'),
(55,'2025-02-25 00:00:00'),
(56,'2025-02-28 00:00:00'),
(57,'2025-03-06 00:00:00'),
(58,'2025-02-27 00:00:00'),
(59,'2025-03-04 00:00:00'),
(60,'2025-03-01 00:00:00'),
(61,'2025-02-25 00:00:00'),
(62,'2025-03-05 00:00:00'),
(63,'2025-02-25 00:00:00'),
(64,'2025-02-28 00:00:00'),
(65,'2025-03-05 00:00:00'),
(66,'2025-02-24 00:00:00'),
(67,'2025-03-06 00:00:00'),
(68,'2025-03-02 00:00:00'),
(69,'2025-03-06 00:00:00'),
(70,'2025-03-04 00:00:00'),
(71,'2025-02-26 00:00:00'),
(72,'2025-02-27 00:00:00'),
(73,'2025-02-28 00:00:00'),
(74,'2025-03-01 00:00:00'),
(75,'2025-02-28 00:00:00'),
(76,'2025-02-24 00:00:00'),
(77,'2025-03-02 00:00:00'),
(78,'2025-02-27 00:00:00'),
(79,'2025-03-03 00:00:00'),
(80,'2025-03-01 00:00:00'),
(81,'2025-03-05 00:00:00'),
(82,'2025-02-25 00:00:00'),
(83,'2025-02-25 00:00:00'),
(84,'2025-02-28 00:00:00'),
(85,'2025-02-25 00:00:00'),
(86,'2025-02-27 00:00:00'),
(87,'2025-02-26 00:00:00'),
(88,'2025-02-27 00:00:00'),
(89,'2025-02-28 00:00:00'),
(90,'2025-03-06 00:00:00'),
(91,'2025-03-02 00:00:00'),
(92,'2025-03-03 00:00:00'),
(93,'2025-03-04 00:00:00'),
(94,'2025-03-02 00:00:00'),
(95,'2025-03-03 00:00:00'),
(96,'2025-02-26 00:00:00'),
(97,'2025-02-28 00:00:00'),
(98,'2025-02-26 00:00:00'),
(99,'2025-02-26 00:00:00'),
(100,'2025-02-25 00:00:00'),
(101,'2025-03-02 00:00:00'),
(102,'2025-03-05 00:00:00'),
(103,'2025-03-01 00:00:00'),
(104,'2025-03-05 00:00:00'),
(105,'2025-03-05 00:00:00'),
(106,'2025-03-04 00:00:00'),
(107,'2025-02-25 00:00:00'),
(108,'2025-03-02 00:00:00'),
(109,'2025-02-28 00:00:00'),
(110,'2025-03-02 00:00:00'),
(111,'2025-02-27 00:00:00'),
(112,'2025-03-05 00:00:00'),
(113,'2025-03-06 00:00:00'),
(114,'2025-02-26 00:00:00'),
(115,'2025-03-05 00:00:00'),
(116,'2025-03-05 00:00:00'),
(117,'2025-03-03 00:00:00'),
(118,'2025-03-06 00:00:00'),
(119,'2025-03-06 00:00:00'),
(120,'2025-03-02 00:00:00'),
(121,'2025-03-01 00:00:00'),
(122,'2025-02-28 00:00:00'),
(123,'2025-02-27 00:00:00'),
(124,'2025-02-25 00:00:00'),
(125,'2025-02-24 00:00:00'),
(126,'2025-02-28 00:00:00'),
(127,'2025-03-06 00:00:00'),
(128,'2025-02-28 00:00:00'),
(129,'2025-03-03 00:00:00'),
(130,'2025-03-05 00:00:00'),
(131,'2025-03-06 00:00:00'),
(132,'2025-03-05 00:00:00'),
(133,'2025-02-26 00:00:00'),
(134,'2025-03-05 00:00:00'),
(135,'2025-03-03 00:00:00'),
(136,'2025-03-05 00:00:00'),
(137,'2025-02-24 00:00:00'),
(138,'2025-02-24 00:00:00'),
(139,'2025-03-05 00:00:00'),
(140,'2025-03-03 00:00:00'),
(141,'2025-02-27 00:00:00'),
(142,'2025-02-28 00:00:00'),
(143,'2025-02-27 00:00:00'),
(144,'2025-02-27 00:00:00'),
(145,'2025-02-25 00:00:00'),
(146,'2025-02-28 00:00:00'),
(147,'2025-02-27 00:00:00'),
(148,'2025-03-01 00:00:00'),
(149,'2025-03-04 00:00:00'),
(150,'2025-03-01 00:00:00'),
(151,'2025-02-25 00:00:00'),
(152,'2025-03-03 00:00:00'),
(153,'2025-02-27 00:00:00'),
(154,'2025-03-01 00:00:00'),
(155,'2025-02-25 00:00:00'),
(156,'2025-03-02 00:00:00'),
(157,'2025-03-04 00:00:00'),
(158,'2025-02-27 00:00:00'),
(159,'2025-02-24 00:00:00'),
(160,'2025-02-26 00:00:00'),
(161,'2025-02-25 00:00:00'),
(162,'2025-03-02 00:00:00'),
(163,'2025-02-24 00:00:00'),
(164,'2025-02-27 00:00:00'),
(165,'2025-03-05 00:00:00'),
(166,'2025-02-25 00:00:00'),
(167,'2025-03-04 00:00:00'),
(168,'2025-02-25 00:00:00'),
(169,'2025-03-04 00:00:00'),
(170,'2025-03-05 00:00:00'),
(171,'2025-02-25 00:00:00'),
(172,'2025-03-03 00:00:00'),
(173,'2025-03-04 00:00:00'),
(174,'2025-02-26 00:00:00'),
(175,'2025-03-05 00:00:00'),
(176,'2025-03-04 00:00:00'),
(177,'2025-02-28 00:00:00'),
(178,'2025-03-01 00:00:00'),
(179,'2025-02-26 00:00:00'),
(180,'2025-02-26 00:00:00'),
(181,'2025-02-25 00:00:00'),
(182,'2025-02-26 00:00:00'),
(183,'2025-02-28 00:00:00'),
(184,'2025-03-01 00:00:00'),
(185,'2025-03-06 00:00:00'),
(186,'2025-03-05 00:00:00'),
(187,'2025-03-01 00:00:00'),
(188,'2025-03-02 00:00:00'),
(189,'2025-02-27 00:00:00'),
(190,'2025-03-03 00:00:00'),
(191,'2025-02-28 00:00:00'),
(192,'2025-02-24 00:00:00'),
(193,'2025-02-24 00:00:00'),
(194,'2025-02-25 00:00:00'),
(195,'2025-02-27 00:00:00'),
(196,'2025-02-24 00:00:00'),
(197,'2025-02-24 00:00:00'),
(198,'2025-02-27 00:00:00'),
(199,'2025-03-03 00:00:00'),
(200,'2025-02-26 00:00:00'),
(201,'2025-03-01 00:00:00'),
(202,'2025-03-01 00:00:00'),
(203,'2025-03-05 00:00:00'),
(204,'2025-03-04 00:00:00'),
(205,'2025-02-28 00:00:00'),
(206,'2025-02-24 00:00:00'),
(207,'2025-02-25 00:00:00'),
(208,'2025-02-25 00:00:00'),
(209,'2025-03-04 00:00:00'),
(210,'2025-02-28 00:00:00'),
(211,'2025-03-05 00:00:00'),
(212,'2025-03-03 00:00:00'),
(213,'2025-03-02 00:00:00'),
(214,'2025-02-27 00:00:00'),
(215,'2025-02-25 00:00:00'),
(216,'2025-03-04 00:00:00'),
(217,'2025-03-06 00:00:00'),
(218,'2025-02-26 00:00:00'),
(219,'2025-02-26 00:00:00'),
(220,'2025-02-27 00:00:00'),
(221,'2025-02-27 00:00:00'),
(222,'2025-02-25 00:00:00'),
(223,'2025-03-03 00:00:00'),
(224,'2025-03-06 00:00:00'),
(225,'2025-02-27 00:00:00'),
(226,'2025-03-05 00:00:00'),
(227,'2025-03-02 00:00:00'),
(228,'2025-02-28 00:00:00'),
(229,'2025-02-27 00:00:00'),
(230,'2025-03-04 00:00:00'),
(231,'2025-03-06 00:00:00'),
(232,'2025-03-02 00:00:00'),
(233,'2025-03-03 00:00:00'),
(234,'2025-03-02 00:00:00'),
(235,'2025-03-04 00:00:00'),
(236,'2025-03-02 00:00:00'),
(237,'2025-03-05 00:00:00'),
(238,'2025-03-05 00:00:00'),
(239,'2025-03-04 00:00:00'),
(240,'2025-02-28 00:00:00'),
(241,'2025-03-05 00:00:00'),
(242,'2025-02-24 00:00:00'),
(243,'2025-03-04 00:00:00'),
(244,'2025-03-05 00:00:00'),
(245,'2025-03-05 00:00:00'),
(246,'2025-03-04 00:00:00'),
(247,'2025-03-03 00:00:00'),
(248,'2025-02-28 00:00:00'),
(249,'2025-03-05 00:00:00'),
(250,'2025-03-04 00:00:00'),
(251,'2025-02-24 00:00:00'),
(252,'2025-02-25 00:00:00'),
(253,'2025-02-24 00:00:00'),
(254,'2025-03-03 00:00:00'),
(255,'2025-03-02 00:00:00'),
(256,'2025-03-05 00:00:00'),
(257,'2025-02-28 00:00:00'),
(258,'2025-03-03 00:00:00'),
(259,'2025-03-02 00:00:00'),
(260,'2025-03-06 00:00:00'),
(261,'2025-03-06 00:00:00'),
(262,'2025-03-03 00:00:00'),
(263,'2025-03-04 00:00:00'),
(264,'2025-02-26 00:00:00'),
(265,'2025-03-06 00:00:00'),
(266,'2025-02-24 00:00:00'),
(267,'2025-03-05 00:00:00'),
(268,'2025-03-04 00:00:00'),
(269,'2025-02-28 00:00:00'),
(270,'2025-02-26 00:00:00'),
(271,'2025-02-25 00:00:00'),
(272,'2025-03-01 00:00:00'),
(273,'2025-02-25 00:00:00'),
(274,'2025-02-27 00:00:00'),
(275,'2025-03-06 00:00:00'),
(276,'2025-02-28 00:00:00'),
(277,'2025-03-03 00:00:00'),
(278,'2025-03-03 00:00:00'),
(279,'2025-03-05 00:00:00'),
(280,'2025-02-28 00:00:00'),
(281,'2025-02-28 00:00:00'),
(282,'2025-03-04 00:00:00'),
(283,'2025-02-28 00:00:00'),
(284,'2025-03-05 00:00:00'),
(285,'2025-02-28 00:00:00'),
(286,'2025-03-03 00:00:00'),
(287,'2025-03-05 00:00:00'),
(288,'2025-02-27 00:00:00'),
(289,'2025-03-04 00:00:00'),
(290,'2025-03-06 00:00:00'),
(291,'2025-03-04 00:00:00'),
(292,'2025-02-26 00:00:00'),
(293,'2025-03-01 00:00:00'),
(294,'2025-03-06 00:00:00'),
(295,'2025-02-27 00:00:00'),
(296,'2025-02-28 00:00:00'),
(297,'2025-03-03 00:00:00'),
(298,'2025-03-01 00:00:00'),
(299,'2025-03-06 00:00:00'),
(300,'2025-03-06 00:00:00'),
(301,'2025-03-02 00:00:00'),
(302,'2025-02-27 00:00:00'),
(303,'2025-02-25 00:00:00'),
(304,'2025-03-03 00:00:00'),
(305,'2025-03-05 00:00:00'),
(306,'2025-03-06 00:00:00'),
(307,'2025-02-27 00:00:00'),
(308,'2025-02-24 00:00:00'),
(309,'2025-02-26 00:00:00'),
(310,'2025-02-24 00:00:00'),
(311,'2025-03-03 00:00:00'),
(312,'2025-02-25 00:00:00'),
(313,'2025-03-01 00:00:00'),
(314,'2025-02-28 00:00:00'),
(315,'2025-02-26 00:00:00'),
(316,'2025-03-03 00:00:00'),
(317,'2025-03-03 00:00:00'),
(318,'2025-03-02 00:00:00'),
(319,'2025-03-06 00:00:00'),
(320,'2025-02-26 00:00:00'),
(321,'2025-02-26 00:00:00'),
(322,'2025-02-24 00:00:00'),
(323,'2025-03-04 00:00:00'),
(324,'2025-03-06 00:00:00'),
(325,'2025-03-03 00:00:00'),
(326,'2025-03-06 00:00:00'),
(327,'2025-02-27 00:00:00'),
(328,'2025-02-25 00:00:00'),
(329,'2025-03-01 00:00:00'),
(330,'2025-02-24 00:00:00'),
(331,'2025-03-06 00:00:00'),
(332,'2025-02-26 00:00:00'),
(333,'2025-02-24 00:00:00'),
(334,'2025-03-01 00:00:00'),
(335,'2025-03-06 00:00:00'),
(336,'2025-03-01 00:00:00'),
(337,'2025-03-06 00:00:00'),
(338,'2025-03-02 00:00:00'),
(339,'2025-02-27 00:00:00'),
(340,'2025-03-03 00:00:00'),
(341,'2025-03-06 00:00:00'),
(342,'2025-02-25 00:00:00'),
(343,'2025-02-24 00:00:00'),
(344,'2025-02-28 00:00:00'),
(345,'2025-03-04 00:00:00'),
(346,'2025-03-03 00:00:00'),
(347,'2025-03-01 00:00:00'),
(348,'2025-03-01 00:00:00'),
(349,'2025-03-06 00:00:00'),
(350,'2025-03-04 00:00:00'),
(351,'2025-03-06 00:00:00'),
(352,'2025-03-02 00:00:00'),
(353,'2025-03-06 00:00:00'),
(354,'2025-02-27 00:00:00'),
(355,'2025-03-02 00:00:00'),
(356,'2025-03-02 00:00:00'),
(357,'2025-02-26 00:00:00'),
(358,'2025-03-06 00:00:00'),
(359,'2025-03-02 00:00:00'),
(360,'2025-03-05 00:00:00'),
(361,'2025-03-04 00:00:00'),
(362,'2025-02-26 00:00:00'),
(363,'2025-03-04 00:00:00'),
(364,'2025-02-27 00:00:00'),
(365,'2025-02-28 00:00:00'),
(366,'2025-02-28 00:00:00'),
(367,'2025-03-01 00:00:00'),
(368,'2025-02-28 00:00:00'),
(369,'2025-03-04 00:00:00'),
(370,'2025-03-05 00:00:00'),
(371,'2025-02-24 00:00:00'),
(372,'2025-03-01 00:00:00'),
(373,'2025-03-06 00:00:00'),
(374,'2025-03-03 00:00:00'),
(375,'2025-03-03 00:00:00'),
(376,'2025-03-01 00:00:00'),
(377,'2025-03-04 00:00:00'),
(378,'2025-03-06 00:00:00'),
(379,'2025-03-04 00:00:00'),
(380,'2025-03-05 00:00:00'),
(381,'2025-03-01 00:00:00'),
(382,'2025-03-02 00:00:00'),
(383,'2025-02-27 00:00:00'),
(384,'2025-02-24 00:00:00'),
(385,'2025-02-26 00:00:00'),
(386,'2025-03-06 00:00:00'),
(387,'2025-02-26 00:00:00'),
(388,'2025-02-24 00:00:00'),
(389,'2025-03-04 00:00:00'),
(390,'2025-02-26 00:00:00'),
(391,'2025-02-24 00:00:00'),
(392,'2025-03-02 00:00:00'),
(393,'2025-02-28 00:00:00'),
(394,'2025-03-03 00:00:00'),
(395,'2025-03-04 00:00:00'),
(396,'2025-03-03 00:00:00'),
(397,'2025-02-27 00:00:00'),
(398,'2025-03-02 00:00:00'),
(399,'2025-03-03 00:00:00'),
(400,'2025-03-06 00:00:00'),
(401,'2025-03-04 00:00:00'),
(402,'2025-03-02 00:00:00'),
(403,'2025-03-02 00:00:00'),
(404,'2025-03-03 00:00:00'),
(405,'2025-02-28 00:00:00'),
(406,'2025-03-05 00:00:00'),
(407,'2025-02-27 00:00:00'),
(408,'2025-03-06 00:00:00'),
(409,'2025-02-24 00:00:00'),
(410,'2025-03-05 00:00:00'),
(411,'2025-02-27 00:00:00'),
(412,'2025-03-01 00:00:00'),
(413,'2025-02-28 00:00:00'),
(414,'2025-03-05 00:00:00'),
(415,'2025-03-02 00:00:00'),
(416,'2025-02-26 00:00:00'),
(417,'2025-02-24 00:00:00'),
(418,'2025-03-04 00:00:00'),
(419,'2025-02-28 00:00:00'),
(420,'2025-02-25 00:00:00'),
(421,'2025-02-24 00:00:00'),
(422,'2025-03-01 00:00:00'),
(423,'2025-02-28 00:00:00'),
(424,'2025-03-02 00:00:00'),
(425,'2025-03-05 00:00:00'),
(426,'2025-03-06 00:00:00'),
(427,'2025-02-26 00:00:00'),
(428,'2025-02-24 00:00:00'),
(429,'2025-02-27 00:00:00'),
(430,'2025-03-03 00:00:00'),
(431,'2025-03-05 00:00:00'),
(432,'2025-03-06 00:00:00'),
(433,'2025-02-27 00:00:00'),
(434,'2025-02-28 00:00:00'),
(435,'2025-02-27 00:00:00'),
(436,'2025-03-05 00:00:00'),
(437,'2025-03-04 00:00:00'),
(438,'2025-03-05 00:00:00'),
(439,'2025-02-24 00:00:00'),
(440,'2025-03-05 00:00:00'),
(441,'2025-03-01 00:00:00'),
(442,'2025-03-04 00:00:00'),
(443,'2025-03-02 00:00:00'),
(444,'2025-02-27 00:00:00'),
(445,'2025-02-24 00:00:00'),
(446,'2025-02-26 00:00:00'),
(447,'2025-02-24 00:00:00'),
(448,'2025-03-06 00:00:00'),
(449,'2025-02-24 00:00:00'),
(450,'2025-02-24 00:00:00'),
(451,'2025-03-04 00:00:00'),
(452,'2025-02-24 00:00:00'),
(453,'2025-02-24 00:00:00'),
(454,'2025-03-02 00:00:00'),
(455,'2025-03-05 00:00:00'),
(456,'2025-02-24 00:00:00'),
(457,'2025-03-04 00:00:00'),
(458,'2025-03-02 00:00:00'),
(459,'2025-03-01 00:00:00'),
(460,'2025-03-05 00:00:00'),
(461,'2025-02-25 00:00:00'),
(462,'2025-03-03 00:00:00'),
(463,'2025-02-28 00:00:00'),
(464,'2025-03-02 00:00:00'),
(465,'2025-03-01 00:00:00'),
(466,'2025-03-02 00:00:00'),
(467,'2025-03-05 00:00:00'),
(468,'2025-02-24 00:00:00'),
(469,'2025-03-04 00:00:00'),
(470,'2025-03-01 00:00:00'),
(471,'2025-03-02 00:00:00'),
(472,'2025-03-04 00:00:00'),
(473,'2025-02-24 00:00:00'),
(474,'2025-03-06 00:00:00'),
(475,'2025-02-28 00:00:00'),
(476,'2025-02-26 00:00:00'),
(477,'2025-03-03 00:00:00'),
(478,'2025-02-26 00:00:00'),
(479,'2025-02-26 00:00:00'),
(480,'2025-02-25 00:00:00'),
(481,'2025-02-28 00:00:00'),
(482,'2025-03-05 00:00:00'),
(483,'2025-03-06 00:00:00'),
(484,'2025-02-24 00:00:00'),
(485,'2025-03-03 00:00:00'),
(486,'2025-03-02 00:00:00'),
(487,'2025-02-24 00:00:00'),
(488,'2025-03-06 00:00:00'),
(489,'2025-02-26 00:00:00'),
(490,'2025-03-02 00:00:00'),
(491,'2025-02-26 00:00:00'),
(492,'2025-02-25 00:00:00'),
(493,'2025-03-01 00:00:00'),
(494,'2025-03-02 00:00:00'),
(495,'2025-02-25 00:00:00'),
(496,'2025-03-04 00:00:00'),
(497,'2025-03-05 00:00:00'),
(498,'2025-02-27 00:00:00'),
(499,'2025-02-26 00:00:00'),
(500,'2025-03-06 00:00:00');
/*!40000 ALTER TABLE `commande` ENABLE KEYS */;
UNLOCK TABLES;

--
-- Table structure for table `concerner`
--

DROP TABLE IF EXISTS `concerner`;
/*!40101 SET @saved_cs_client     = @@character_set_client */;
/*!40101 SET character_set_client = utf8 */;
CREATE TABLE `concerner` (
  `id_prod` int(11) NOT NULL DEFAULT 0,
  `no_comm` int(11) NOT NULL DEFAULT 0,
  `qte` tinyint(4) NOT NULL,
  `prix` decimal(7,2) NOT NULL,
  PRIMARY KEY (`id_prod`,`no_comm`),
  KEY `no_comm` (`no_comm`)
) ENGINE=InnoDB DEFAULT CHARSET=utf8mb3 COLLATE=utf8mb3_general_ci;
/*!40101 SET character_set_client = @saved_cs_client */;

--
-- Dumping data for table `concerner`
--

LOCK TABLES `concerner` WRITE;
/*!40000 ALTER TABLE `concerner` DISABLE KEYS */;
INSERT INTO `concerner` VALUES
(1,53,4,77.53),
(4,345,7,27.08),
(4,358,7,26.75),
(5,39,5,188.08),
(5,80,7,246.97),
(5,243,7,178.42),
(5,416,5,178.42),
(8,397,8,139.58),
(9,385,1,121.00),
(10,42,3,38.30),
(10,435,1,39.02),
(16,289,2,245.17),
(20,481,1,240.40),
(23,197,1,264.21),
(25,171,9,88.12),
(25,257,6,104.05),
(27,178,5,248.44),
(27,399,5,229.76),
(27,482,4,273.66),
(28,482,7,230.88),
(30,51,9,32.08),
(31,26,9,123.98),
(33,181,7,148.09),
(33,365,9,150.16),
(37,403,9,14.44),
(37,419,9,16.14),
(39,92,3,80.53),
(40,168,6,106.80),
(41,71,9,154.75),
(41,93,3,164.74),
(41,195,8,160.37),
(42,206,9,250.65),
(42,273,1,242.17),
(42,360,10,220.50),
(43,343,7,183.25),
(44,326,8,25.75),
(47,457,2,217.66),
(48,161,9,221.94),
(49,96,5,204.73),
(49,200,4,201.25),
(50,222,5,39.38),
(50,331,3,50.30),
(52,214,10,86.85),
(53,327,3,136.63),
(54,455,4,240.31),
(54,474,9,199.00),
(55,85,8,185.69),
(56,263,2,106.98),
(56,396,9,133.34),
(56,475,5,135.37),
(60,268,7,26.20),
(60,273,10,26.31),
(61,240,5,45.98),
(63,171,6,45.16),
(64,189,2,26.86),
(66,83,6,83.95),
(66,423,9,97.01),
(67,143,7,213.66),
(67,315,2,271.67),
(70,192,2,135.55),
(70,279,4,119.71),
(70,367,9,129.03),
(71,44,1,44.43),
(71,81,7,53.01),
(72,80,7,176.75),
(72,384,10,125.05),
(76,280,2,174.29),
(78,303,7,88.35),
(79,291,5,124.95),
(82,182,7,122.39),
(83,233,7,158.33),
(86,305,8,151.99),
(86,315,2,173.17),
(87,124,8,123.70),
(87,181,6,88.29),
(88,210,6,146.41),
(89,83,10,20.36),
(90,383,10,242.43),
(92,125,1,62.02),
(93,177,3,188.76),
(93,318,2,194.19),
(93,440,9,166.36),
(94,129,9,177.72),
(96,6,4,97.57),
(97,336,7,32.52),
(98,160,9,26.92),
(98,288,7,29.17),
(98,365,6,27.92),
(99,434,3,231.93),
(99,441,3,267.76),
(101,381,6,151.75),
(101,472,4,120.75),
(106,337,1,207.70),
(107,244,2,175.10),
(109,402,5,23.09),
(112,355,4,93.88),
(112,380,7,86.94),
(113,78,3,259.87),
(113,143,10,203.41),
(114,325,7,106.94),
(115,59,8,30.30),
(116,23,9,54.81),
(116,236,9,59.23),
(118,251,1,181.67),
(121,64,3,244.80),
(122,7,5,149.03),
(122,410,8,137.70),
(122,453,3,152.01),
(123,287,1,22.39),
(124,365,6,100.84),
(125,319,2,74.41),
(126,283,3,155.30),
(128,442,7,191.42),
(129,142,8,198.99),
(129,173,1,204.99),
(131,89,2,239.90),
(132,290,4,238.52),
(132,428,1,191.33),
(133,350,9,70.45),
(134,74,7,123.08),
(134,350,4,151.03),
(135,323,6,84.11),
(139,416,1,90.58),
(139,497,3,102.38),
(140,73,4,26.27),
(141,364,2,62.88),
(143,193,3,70.41),
(143,247,2,50.96),
(144,310,5,42.63),
(145,339,1,55.02),
(147,499,8,7.96),
(148,231,8,152.42),
(148,321,10,130.64),
(149,67,1,96.28),
(149,290,1,124.91),
(150,118,9,30.30),
(150,228,7,24.42),
(151,397,7,99.92),
(157,445,6,199.98),
(160,70,3,31.64),
(161,295,8,41.23),
(164,11,2,30.64),
(164,419,10,25.97),
(165,230,5,119.35),
(166,371,5,215.19),
(168,384,3,91.91),
(169,407,5,102.14),
(170,318,5,200.11),
(170,394,5,208.53),
(172,331,7,187.57),
(174,349,6,22.76),
(174,485,2,24.09),
(175,273,2,86.33),
(177,275,2,29.19),
(177,277,10,29.86),
(177,324,3,31.64),
(179,157,2,31.25),
(179,346,1,27.99),
(179,370,8,33.38),
(180,116,8,118.06),
(181,1,7,224.05),
(181,177,9,262.54),
(182,186,10,65.46),
(183,56,6,217.28),
(183,132,1,175.89),
(183,247,10,174.30),
(183,250,10,216.48),
(183,416,10,170.32),
(184,488,9,214.85),
(186,133,7,17.04),
(187,56,3,16.66),
(187,113,7,16.16),
(187,394,3,13.54),
(189,154,6,26.86),
(190,283,3,24.42),
(190,347,8,27.42),
(191,250,7,204.08),
(191,280,2,213.15),
(192,142,9,33.19),
(193,225,9,187.50),
(193,231,5,132.70),
(193,412,3,163.07),
(194,290,8,43.11),
(195,1,3,108.36),
(197,441,10,23.09),
(200,136,6,188.98),
(201,131,1,192.97),
(201,386,1,200.15),
(202,156,1,54.46),
(202,275,5,51.43),
(202,385,4,53.65),
(204,314,9,170.59),
(204,350,10,210.15),
(206,93,2,68.34),
(209,21,2,24.31),
(210,19,7,91.32),
(210,82,4,85.09),
(210,226,6,72.64),
(211,261,7,122.23),
(213,54,4,268.87),
(214,222,8,114.33),
(214,273,3,103.62),
(219,315,7,224.95),
(220,96,4,26.75),
(221,385,2,92.30),
(222,47,10,77.65),
(223,118,7,21.16),
(223,238,8,22.49),
(225,448,9,45.38),
(226,120,2,174.59),
(227,71,3,52.82),
(229,357,5,159.11),
(230,19,5,173.64),
(231,466,6,7.97),
(233,187,9,175.75),
(234,439,9,138.36),
(235,117,8,88.34),
(235,437,1,79.31),
(237,262,7,124.65),
(238,335,2,112.07),
(239,185,6,4.89),
(240,10,6,83.78),
(241,99,9,253.32),
(241,407,6,261.44),
(241,429,7,190.22),
(242,20,4,180.63),
(242,395,3,203.64),
(243,443,5,164.82),
(247,94,1,13.87),
(248,348,2,102.20),
(249,98,3,65.85),
(250,126,1,78.24),
(251,188,9,168.24),
(253,381,1,168.62),
(256,215,5,220.28),
(257,167,7,220.52),
(257,267,6,208.16),
(258,309,2,43.67),
(259,1,10,18.92),
(259,394,9,13.57),
(261,48,6,151.46),
(261,476,2,135.59),
(266,345,1,209.66),
(267,304,2,196.09),
(268,291,2,127.07),
(269,82,4,30.00),
(269,429,10,38.00),
(270,38,8,109.78),
(270,261,1,94.79),
(271,140,2,239.37),
(272,85,5,144.12),
(272,134,9,121.25),
(272,163,9,121.78),
(273,411,7,69.22),
(274,323,5,278.57),
(274,486,6,269.03),
(275,331,4,124.85),
(275,480,6,138.14),
(276,112,10,31.96),
(276,444,10,38.96),
(277,139,9,180.90),
(277,328,1,212.24),
(278,278,2,49.75),
(279,5,2,208.20),
(279,421,2,185.25),
(281,473,10,135.51),
(285,189,6,138.39),
(287,80,10,26.75),
(287,312,8,28.75),
(288,335,6,199.37),
(290,251,4,25.88),
(290,319,3,32.74),
(291,138,9,187.47),
(292,22,5,78.22),
(293,473,9,149.08),
(294,117,6,165.79),
(294,474,2,171.05),
(295,268,10,3.15),
(295,313,10,3.17),
(297,58,5,28.08),
(297,188,7,32.30),
(297,191,6,30.86),
(297,451,1,31.64),
(298,468,5,150.71),
(299,328,10,165.29),
(299,424,8,115.87),
(300,487,10,88.96),
(302,32,4,25.97),
(303,474,8,122.06),
(304,295,10,75.93),
(305,230,5,59.16),
(306,104,3,24.53),
(310,372,5,107.57),
(310,416,3,103.53),
(311,346,2,102.14),
(312,385,9,76.50),
(312,419,1,67.06),
(314,50,8,29.08),
(314,115,7,29.97),
(315,224,5,54.31),
(316,496,1,291.03),
(318,50,10,199.23),
(319,28,9,83.01),
(319,36,4,75.87),
(319,66,4,90.90),
(320,344,5,30.53),
(322,138,1,192.20),
(322,173,5,262.00),
(323,256,6,178.25),
(323,349,6,165.93),
(325,162,10,228.14),
(327,48,4,166.34),
(327,75,7,181.06),
(327,111,6,172.96),
(327,455,1,177.38),
(328,146,1,259.77),
(329,145,7,23.06),
(329,168,8,24.60),
(333,151,2,35.06),
(333,413,10,37.71),
(334,67,6,191.23),
(335,21,2,25.42),
(337,22,2,23.42),
(338,302,9,216.51),
(339,212,1,81.37),
(339,266,3,73.42),
(342,24,10,10.39),
(343,236,10,246.08),
(345,57,10,147.78),
(346,361,1,129.34),
(347,42,2,53.16),
(347,454,7,59.90),
(349,157,3,206.65),
(349,428,5,200.84),
(350,61,4,192.32),
(350,199,3,190.24),
(351,167,7,254.47),
(352,68,2,53.56),
(352,471,10,43.56),
(353,213,2,137.58),
(353,405,4,183.65),
(354,39,10,25.09),
(359,332,7,6.83),
(360,376,3,30.38),
(361,209,3,242.40),
(362,2,10,6.89),
(362,162,4,6.39),
(362,319,2,6.49),
(362,408,6,5.41),
(362,477,6,5.83),
(366,454,7,4.21),
(366,486,6,4.14),
(368,208,10,124.71),
(368,253,1,103.02),
(368,410,3,95.10),
(370,152,1,44.95),
(372,117,4,131.32),
(372,321,9,110.67),
(374,33,8,124.49),
(374,297,7,91.45),
(375,62,9,17.11),
(380,172,2,277.11),
(382,54,1,148.47),
(382,161,2,123.03),
(383,382,8,136.03),
(383,449,2,146.53),
(384,274,10,129.28),
(384,314,7,147.45),
(384,361,10,113.70),
(385,29,5,69.29),
(386,369,9,159.95),
(387,44,6,235.97),
(388,385,1,77.84),
(389,70,3,40.66),
(392,6,9,6.97),
(392,327,3,8.12),
(393,23,3,78.07),
(393,194,4,89.41),
(393,299,6,99.73),
(393,411,3,94.57),
(396,330,1,191.93),
(398,360,6,185.10),
(398,362,6,129.95),
(399,240,8,87.74),
(399,393,7,106.51),
(400,476,7,231.92),
(401,40,9,43.58),
(401,105,4,35.77),
(401,125,2,34.96),
(402,110,9,3.81),
(404,170,1,84.12),
(404,173,8,110.90),
(408,481,5,92.54),
(410,136,7,146.81),
(412,151,3,200.07),
(413,18,6,257.40),
(415,178,7,174.21),
(416,354,8,27.42),
(416,457,5,29.64),
(418,133,7,22.53),
(419,42,5,75.05),
(419,327,6,76.66),
(421,179,5,53.90),
(421,395,5,49.96),
(421,431,1,41.11),
(422,8,3,20.04),
(422,146,10,19.95),
(424,20,6,179.45),
(424,32,8,182.66),
(424,113,2,138.43),
(424,395,4,160.23),
(424,455,3,179.45),
(425,11,1,18.18),
(426,95,8,236.91),
(427,133,3,68.50),
(427,208,5,62.50),
(427,418,7,54.50),
(429,191,3,121.89),
(429,382,3,105.86),
(430,233,9,285.28),
(430,329,7,277.33),
(430,399,6,269.37),
(431,106,6,196.04),
(433,23,1,260.46),
(433,241,5,238.76),
(435,175,7,175.85),
(435,405,5,215.78),
(435,492,4,203.49),
(436,123,10,104.28),
(436,338,1,93.15),
(438,251,8,233.99),
(440,231,2,27.53),
(440,280,3,26.86),
(442,475,4,30.30),
(444,59,2,54.79),
(444,296,5,54.15),
(444,340,6,46.69),
(445,108,5,86.02),
(448,77,6,82.92),
(448,496,5,87.37),
(450,107,10,34.87),
(452,55,3,221.51),
(453,102,3,253.40),
(453,307,2,240.54),
(454,56,9,31.59),
(454,250,3,26.33),
(456,248,9,112.20),
(456,408,1,128.73),
(460,159,4,168.80),
(460,308,7,214.64),
(462,362,1,10.34),
(464,19,10,92.99),
(465,143,8,186.22),
(466,160,3,18.65),
(467,422,10,58.24),
(467,444,3,56.51),
(468,236,3,94.38),
(469,60,8,197.47),
(469,241,8,171.20),
(469,462,6,211.88),
(470,232,8,193.05),
(471,470,4,35.42),
(472,399,6,93.88),
(473,211,9,158.59),
(473,304,9,146.92),
(473,357,1,111.38),
(473,389,1,135.25),
(475,109,7,33.08),
(475,142,4,32.75),
(475,376,6,28.97),
(475,389,4,29.53),
(475,396,8,28.53),
(476,39,5,30.74),
(478,40,9,113.49),
(484,145,5,22.53),
(484,260,2,24.09),
(486,422,9,203.84),
(488,56,9,164.98),
(490,42,7,44.65),
(490,385,10,45.01),
(491,53,3,23.75),
(491,312,1,30.30),
(491,372,10,27.42),
(494,179,6,111.97),
(495,109,10,157.19),
(495,292,3,150.50),
(496,470,9,73.63),
(499,70,10,97.59),
(499,139,5,71.01),
(499,401,2,96.89),
(500,132,6,23.53),
(501,137,6,30.03),
(502,372,10,35.83),
(503,55,4,193.90),
(503,87,2,167.43),
(504,266,5,92.79),
(504,481,5,105.58),
(508,471,9,127.23),
(510,314,5,28.97),
(511,122,3,23.75),
(511,317,8,26.42),
(514,185,4,69.00),
(516,79,8,9.82),
(516,82,8,10.70),
(516,242,5,11.39),
(516,472,2,12.12),
(518,341,1,25.20),
(519,64,2,100.84),
(519,420,1,133.96),
(519,430,6,143.35),
(520,133,1,9.60),
(521,224,5,179.30),
(521,452,7,198.80),
(522,429,10,134.65),
(523,115,6,28.19),
(523,139,4,27.53),
(523,478,9,32.08),
(524,16,6,112.90),
(524,282,3,139.17),
(524,313,9,165.43),
(524,319,9,164.88),
(525,125,10,195.48),
(526,318,1,122.73),
(527,155,6,44.55),
(528,246,3,58.01),
(530,42,9,82.61),
(530,372,8,72.68),
(530,377,8,72.10),
(530,380,9,74.43),
(531,10,6,32.08),
(531,64,10,32.30),
(532,35,7,134.41),
(532,198,4,185.39),
(532,285,5,198.63),
(532,353,9,184.73),
(534,467,8,188.30),
(537,468,1,198.90),
(538,316,6,222.07),
(539,91,4,24.54),
(540,113,2,251.25),
(540,174,10,200.64),
(542,386,1,179.61),
(544,220,10,168.50),
(545,379,10,29.86),
(546,70,4,139.47),
(547,317,7,184.51),
(548,330,9,28.53),
(549,79,2,198.84),
(550,488,6,242.66),
(553,298,8,37.00),
(555,208,6,31.30),
(556,458,4,25.13),
(557,74,4,193.27),
(559,270,5,249.65),
(560,386,4,206.04),
(560,497,8,221.14),
(561,30,10,108.39),
(561,67,3,108.88),
(561,71,9,142.75),
(561,125,5,128.72),
(563,72,9,180.61),
(564,99,6,158.28),
(565,14,2,68.18),
(565,190,9,54.79),
(566,49,1,199.92),
(567,300,10,9.06),
(569,471,3,285.12),
(570,159,5,139.98),
(571,270,9,35.07),
(572,240,1,65.77),
(573,205,1,67.43),
(573,445,10,53.66),
(574,31,1,155.98),
(574,174,7,189.04),
(574,462,6,150.95),
(575,202,9,141.38),
(577,58,7,165.23),
(579,104,7,30.64),
(579,395,4,28.64),
(582,29,9,17.79),
(584,315,10,241.95),
(585,337,4,158.84),
(586,178,3,116.59),
(587,83,9,56.65),
(587,131,8,52.26),
(589,143,4,97.74),
(589,279,4,89.35),
(591,244,7,272.48),
(591,329,2,267.85),
(592,38,2,86.05),
(592,289,6,75.15),
(593,2,8,173.99),
(593,54,5,208.94),
(594,2,3,195.61),
(594,245,2,173.56),
(597,326,2,218.38),
(598,7,6,258.91),
(598,220,6,207.52),
(599,400,9,79.83),
(599,426,6,77.04),
(601,58,10,237.77),
(605,65,1,230.58),
(609,460,7,41.18),
(612,470,9,93.00),
(613,270,2,134.46),
(614,14,10,133.33),
(614,352,5,97.05),
(616,179,9,106.61),
(616,313,4,101.02),
(616,389,5,89.84),
(618,291,1,4.14),
(618,392,7,4.19),
(618,437,8,3.68),
(624,215,9,232.05),
(626,96,8,8.19),
(626,393,3,6.87),
(627,144,3,172.65),
(627,164,10,135.32),
(627,322,7,135.32),
(628,365,1,69.95),
(629,298,1,253.02),
(630,159,5,180.70),
(630,259,3,224.11),
(631,33,10,57.26),
(631,285,1,44.25),
(632,36,8,168.84),
(633,404,9,113.87),
(634,168,4,214.35),
(638,337,3,73.85),
(638,435,2,71.94),
(639,199,10,137.12),
(642,65,5,159.92),
(643,447,2,236.41),
(644,70,5,239.50),
(645,457,8,144.33),
(646,305,3,252.47),
(647,83,3,92.72),
(647,400,7,100.19),
(649,60,1,203.52),
(650,97,1,85.83),
(650,264,8,83.26),
(651,227,3,144.63),
(654,468,5,104.24),
(654,480,7,99.70),
(656,173,4,264.99),
(657,483,5,6.71),
(658,98,4,28.75),
(658,482,3,26.97),
(659,443,9,31.90),
(659,470,5,21.48),
(663,243,3,223.11),
(663,273,7,262.54),
(664,83,10,31.52),
(668,106,6,31.31),
(671,212,2,24.86),
(671,304,8,31.41),
(671,374,3,29.19),
(671,484,8,28.75),
(675,338,9,227.56),
(675,390,6,216.00),
(676,417,8,38.15),
(678,403,8,24.40),
(680,2,8,238.32),
(680,411,2,170.11),
(684,409,9,211.50),
(686,13,3,73.09),
(686,284,10,82.70),
(686,494,3,77.46),
(687,32,2,51.01),
(688,197,2,220.43),
(688,439,2,200.46),
(688,457,9,224.59),
(689,231,1,221.13),
(689,452,1,217.61),
(690,199,7,103.44),
(690,263,4,90.79),
(691,19,3,26.09),
(691,65,7,31.64),
(691,83,7,30.19),
(691,399,7,29.97),
(693,82,10,29.53),
(693,296,9,23.31),
(694,207,8,197.95),
(696,87,7,29.97),
(698,23,2,214.13),
(698,127,1,233.82),
(699,186,4,232.84),
(699,436,10,206.08),
(700,188,10,124.21),
(701,10,1,128.42),
(703,119,1,164.64),
(704,410,6,53.08),
(707,383,4,199.88),
(707,404,2,231.78),
(707,449,2,223.34),
(708,74,3,30.29),
(708,158,3,37.07),
(708,171,5,30.74),
(708,177,8,34.36),
(709,98,5,20.01),
(710,112,4,149.00),
(710,470,10,141.96),
(711,104,10,177.41),
(712,324,2,81.78),
(713,75,8,109.22),
(715,204,3,87.33),
(715,364,4,69.29),
(717,398,6,77.17),
(720,288,5,27.97),
(722,134,8,29.05),
(722,316,1,36.32),
(722,331,6,30.53),
(723,151,2,96.99),
(723,176,8,108.89),
(723,318,7,134.05),
(723,411,1,93.79),
(723,449,5,98.82),
(724,178,2,22.98),
(725,32,8,178.63),
(726,82,5,252.59),
(726,164,7,211.09),
(729,76,9,82.39),
(729,210,2,69.21),
(729,492,9,63.22),
(732,57,1,235.87),
(732,223,3,224.03),
(732,266,2,240.42),
(733,144,10,256.28),
(733,431,1,198.92),
(734,94,7,48.30),
(734,163,3,49.22),
(734,386,8,63.71),
(736,71,8,100.88),
(736,241,6,102.00),
(737,185,2,100.44),
(739,191,2,33.30),
(740,181,3,169.41),
(740,358,2,187.51),
(742,355,9,103.01),
(744,102,1,75.30),
(745,261,2,25.20),
(747,86,4,140.42),
(747,105,5,103.66),
(747,305,1,104.61),
(748,135,5,116.80),
(751,88,6,57.30),
(751,189,8,62.93),
(753,190,2,91.29),
(753,453,9,121.12),
(755,43,9,132.04),
(755,408,7,125.15),
(756,205,5,158.80),
(757,290,9,233.16),
(758,22,10,52.91),
(759,20,8,135.93),
(759,345,10,127.24),
(760,377,7,173.45),
(761,471,6,33.19),
(763,444,2,46.22),
(764,459,9,116.56),
(765,146,8,247.53),
(765,341,9,229.91),
(765,365,1,251.94),
(766,92,6,131.71),
(766,325,1,113.13),
(767,298,6,99.56),
(767,393,2,95.14),
(767,400,7,91.60),
(767,449,1,115.49),
(770,94,6,73.60),
(770,99,4,74.52),
(774,164,8,57.24),
(774,374,3,58.30),
(775,54,8,109.04),
(775,362,7,92.94),
(776,335,7,230.75),
(777,329,8,16.10),
(777,473,5,18.96),
(778,65,9,225.44),
(778,441,3,274.31),
(778,480,7,273.32),
(780,78,2,246.02),
(780,492,7,228.02),
(785,242,2,55.35),
(786,184,6,182.00),
(787,138,4,30.86),
(788,115,7,212.87),
(791,242,2,282.33),
(792,355,10,31.75),
(792,470,5,29.30),
(793,115,2,156.41),
(793,387,3,179.20),
(796,12,1,161.20),
(796,117,1,144.83),
(798,405,7,28.75),
(798,418,8,22.76),
(800,397,5,33.76),
(800,491,9,45.76),
(801,147,10,5.23),
(802,62,2,10.55),
(802,318,6,8.34),
(803,377,5,125.33),
(804,263,3,196.46),
(804,342,5,226.39),
(807,177,1,211.59),
(807,266,5,198.64),
(808,179,6,59.62),
(808,379,6,61.13),
(808,463,1,63.07),
(813,481,9,117.51),
(814,415,7,71.72),
(815,396,5,252.37),
(818,312,3,23.09),
(818,378,3,30.19),
(819,218,8,152.76),
(819,292,2,210.52),
(820,109,4,64.15),
(820,225,3,72.51),
(820,324,2,71.40),
(820,327,2,81.44),
(821,102,1,30.19),
(821,339,7,24.75),
(823,170,6,38.75),
(825,285,6,165.15),
(825,329,1,160.63),
(826,89,8,156.07),
(826,336,8,159.89),
(827,88,4,186.31),
(828,136,2,91.18),
(829,115,7,215.72),
(829,147,2,160.05),
(830,228,8,215.50),
(830,386,10,226.17),
(830,396,4,178.19),
(830,479,9,210.17),
(832,392,1,223.05),
(833,212,7,127.81),
(834,198,2,209.84),
(834,392,4,236.07),
(836,408,6,142.24),
(839,272,1,150.01),
(842,403,2,170.54),
(844,192,9,79.34),
(845,432,8,29.08),
(847,36,6,85.13),
(847,300,1,82.72),
(848,214,2,104.43),
(850,339,7,203.18),
(850,488,10,204.57),
(853,144,3,229.87),
(854,205,9,218.81),
(855,123,7,116.92),
(855,166,6,124.26),
(855,305,6,135.27),
(856,26,4,97.18),
(857,312,5,137.75),
(857,393,10,147.28),
(859,99,3,24.06),
(860,99,2,9.18),
(862,359,3,52.88),
(862,462,8,65.29),
(864,436,6,211.40),
(865,76,9,236.62),
(865,123,8,249.18),
(865,274,4,198.95),
(866,446,1,44.00),
(866,457,6,38.37),
(867,446,1,148.92),
(868,4,6,2.70),
(868,13,4,2.98),
(868,65,8,2.59),
(869,352,7,161.84),
(871,36,5,204.22),
(871,495,6,175.86),
(874,137,10,136.07),
(874,202,10,136.65),
(874,232,1,166.31),
(875,336,10,237.44),
(875,453,4,261.76),
(876,52,5,24.64),
(876,221,6,31.64),
(878,122,9,51.08),
(878,249,6,37.37),
(880,6,5,32.97),
(881,174,9,51.24),
(882,359,6,156.93),
(882,462,9,142.16),
(885,416,10,190.77),
(888,32,5,204.41),
(890,145,8,193.82),
(890,225,9,192.93),
(890,234,10,210.63),
(890,437,3,237.18),
(890,448,10,257.54),
(891,234,6,37.31),
(891,395,8,34.00),
(891,405,2,28.18),
(891,477,8,34.79),
(892,300,1,71.55),
(892,434,7,63.65),
(893,99,6,83.29),
(893,243,3,90.16),
(893,318,6,92.99),
(893,355,2,83.69),
(894,156,8,129.74),
(894,392,4,184.98),
(895,318,4,170.22),
(897,299,5,29.71),
(898,44,4,222.18),
(899,126,5,148.49),
(901,435,8,29.08),
(902,326,8,25.79),
(903,7,6,28.97),
(903,198,9,28.86),
(904,226,8,188.04),
(906,78,1,90.11),
(906,314,8,73.56),
(906,392,1,61.30),
(907,169,9,239.08),
(907,338,3,192.17),
(907,470,4,211.11),
(908,122,2,42.60),
(909,78,10,200.59),
(913,426,1,156.90),
(914,224,8,209.42),
(914,452,2,239.97),
(915,423,9,28.35),
(916,21,2,182.70),
(919,140,10,135.56),
(919,474,4,158.06),
(920,240,5,22.16),
(920,482,3,21.80),
(924,287,8,97.23),
(924,372,9,89.93),
(925,14,1,128.81),
(925,374,3,109.32),
(925,375,9,123.93),
(926,306,10,30.41),
(927,110,7,206.07),
(928,50,1,37.75),
(928,79,10,35.32),
(929,13,5,206.80),
(929,51,7,213.23),
(931,77,1,210.50),
(931,274,5,212.41),
(932,303,8,24.05),
(936,85,2,119.48),
(936,165,7,120.03),
(940,85,3,209.37),
(944,229,3,76.43),
(945,356,8,28.53),
(947,21,2,211.00),
(948,97,4,94.90),
(949,103,4,231.58),
(950,190,10,62.21),
(951,17,9,32.75),
(951,35,6,24.42),
(951,135,6,22.98),
(952,478,5,97.67),
(956,297,10,73.31),
(962,388,7,173.47),
(962,441,7,189.17),
(962,453,7,217.58),
(964,107,7,23.87),
(964,222,8,31.86),
(964,340,6,26.20),
(965,245,1,158.19),
(967,60,4,100.44),
(967,476,1,97.32),
(968,391,6,210.45),
(968,459,6,194.77),
(969,231,2,135.11),
(969,257,3,122.37),
(971,203,5,209.20),
(971,261,3,167.08),
(972,177,1,76.39),
(975,144,1,258.89),
(977,285,2,84.85),
(978,139,7,32.92),
(980,17,4,153.15),
(980,127,7,152.52),
(980,259,2,143.77),
(981,77,6,53.24),
(982,279,1,229.29),
(984,398,9,250.90),
(984,426,10,192.21),
(985,409,5,182.66),
(987,451,4,88.50),
(988,163,9,117.85),
(990,146,4,261.59),
(992,207,7,103.73),
(994,88,2,116.31),
(994,189,10,113.07),
(994,327,8,128.36),
(995,250,6,148.24),
(996,338,9,176.09),
(996,415,10,171.91),
(997,305,8,255.74),
(997,397,2,273.24),
(998,107,1,185.58);
/*!40000 ALTER TABLE `concerner` ENABLE KEYS */;
UNLOCK TABLES;

--
-- Table structure for table `fournisseur`
--

DROP TABLE IF EXISTS `fournisseur`;
/*!40101 SET @saved_cs_client     = @@character_set_client */;
/*!40101 SET character_set_client = utf8 */;
CREATE TABLE `fournisseur` (
  `code_four` int(11) NOT NULL AUTO_INCREMENT,
  `nom` varchar(100) NOT NULL,
  `pays` varchar(50) DEFAULT NULL,
  PRIMARY KEY (`code_four`)
) ENGINE=InnoDB AUTO_INCREMENT=251 DEFAULT CHARSET=utf8mb3 COLLATE=utf8mb3_general_ci;
/*!40101 SET character_set_client = @saved_cs_client */;

--
-- Dumping data for table `fournisseur`
--

LOCK TABLES `fournisseur` WRITE;
/*!40000 ALTER TABLE `fournisseur` DISABLE KEYS */;
INSERT INTO `fournisseur` VALUES
(1,'Satterfield, Bauch and Terry',NULL),
(2,'Koelpin, Trantow and Windler','Russia'),
(3,'Weissnat Group','Brazil'),
(4,'Zboncak Group','El Salvador'),
(5,'Langosh, Haley and Fritsch',NULL),
(6,'Barton, Champlin and Murphy','Indonesia'),
(7,'Lind Inc','Albania'),
(8,'Harber Group','China'),
(9,'Dickens and Sons','Russia'),
(10,'O\'Conner, Funk and Hahn','Colombia'),
(11,'Zemlak LLC','Kyrgyzstan'),
(12,'Carroll Group',NULL),
(13,'Graham, Quitzon and Herzog','Jordan'),
(14,'Kunde, Stroman and Parker','Morocco'),
(15,'Weber, Cormier and Bartell','China'),
(16,'Runte, Upton and Bauch','Italy'),
(17,'Keebler Group',NULL),
(18,'Skiles Inc','Finland'),
(19,'Rowe and Sons','Cameroon'),
(20,'Smith-Farrell','Indonesia'),
(21,'Bernhard, Adams and Jaskolski','United States'),
(22,'Windler LLC',NULL),
(23,'Barrows, Hilll and Hammes','Philippines'),
(24,'Marvin Group','Canada'),
(25,'Gorczany, Weber and Farrell','Indonesia'),
(26,'Stokes Group','Colombia'),
(27,'Purdy-O\'Connell','China'),
(28,'Howell-Cormier',NULL),
(29,'Koelpin, Durgan and Wisozk','Brazil'),
(30,'Wilkinson-Hudson','China'),
(31,'Cartwright, Kautzer and Champlin',NULL),
(32,'Koss, Waters and Reynolds','Brazil'),
(33,'Gibson Group','Denmark'),
(34,'Kemmer LLC','Tanzania'),
(35,'Schmidt, Will and Nicolas','Indonesia'),
(36,'Wolff Inc','Mongolia'),
(37,'Marquardt, Kemmer and Graham','China'),
(38,'Konopelski, Bogan and Spinka','Indonesia'),
(39,'Balistreri-Ankunding','China'),
(40,'Goyette-Gorczany','Russia'),
(41,'McDermott, Schultz and Graham','China'),
(42,'Koch-Turner','Vietnam'),
(43,'O\'Conner, Carroll and Anderson','Argentina'),
(44,'Breitenberg-Wisoky','Iran'),
(45,'Hintz Group','Indonesia'),
(46,'Volkman-Torphy','Eritrea'),
(47,'Hackett-Cartwright','China'),
(48,'Gutkowski-Lehner',NULL),
(49,'Little Inc','Botswana'),
(50,'Macejkovic-Emard','China'),
(51,'Reinger-Cormier','Indonesia'),
(52,'Hammes and Sons','Pakistan'),
(53,'Hegmann-Stroman','Russia'),
(54,'Heaney Group','Azerbaijan'),
(55,'Dooley Group','China'),
(56,'Kozey-McDermott','Spain'),
(57,'Shields-Cummings','China'),
(58,'Daugherty-Nitzsche','China'),
(59,'Funk-Luettgen','Sweden'),
(60,'Weimann-Bailey','Serbia'),
(61,'Block-Harber',NULL),
(62,'Mohr-Gibson','Togo'),
(63,'Shields Inc','Philippines'),
(64,'Rutherford, McDermott and Okuneva','China'),
(65,'Kessler, Gislason and Howe',NULL),
(66,'Schultz-Kris','China'),
(67,'Miller, Lang and Towne',NULL),
(68,'Turner, Kassulke and Armstrong','Philippines'),
(69,'Gleichner, Dickens and Franecki','France'),
(70,'Bruen, Kozey and Hahn','France'),
(71,'Hansen Inc','France'),
(72,'Schmitt, Barrows and Abernathy','Argentina'),
(73,'Kreiger, Dooley and Weimann','China'),
(74,'Lynch LLC','Portugal'),
(75,'Rohan Group','Indonesia'),
(76,'Kunde, Champlin and Grimes','Indonesia'),
(77,'Durgan, Reinger and Wisozk','Palestinian Territory'),
(78,'Grady Group','Pakistan'),
(79,'Feil-Durgan','China'),
(80,'Morissette, Weber and Harvey','China'),
(81,'McLaughlin, Wiegand and Luettgen','Portugal'),
(82,'Murray-Prosacco','Portugal'),
(83,'Welch, Schuster and Robel','Philippines'),
(84,'Rogahn Inc','China'),
(85,'Kuhic-Hane',NULL),
(86,'O\'Conner, Flatley and Littel','Indonesia'),
(87,'Dibbert-Cummerata','Ukraine'),
(88,'Weissnat LLC','United States'),
(89,'Mohr-Langosh','Iran'),
(90,'Howe-Gleason','China'),
(91,'Farrell LLC','Italy'),
(92,'Raynor and Sons',NULL),
(93,'Kreiger-Klein','Philippines'),
(94,'Ratke, Connelly and Zemlak','Philippines'),
(95,'Veum Inc','United Arab Emirates'),
(96,'Ebert, Schneider and Jast','Indonesia'),
(97,'Balistreri Group','China'),
(98,'Nicolas-Koch','Russia'),
(99,'Ebert-Russel','Philippines'),
(100,'Erdman, Purdy and Green','France'),
(101,'Hirthe Inc',NULL),
(102,'Douglas, Pfannerstill and Lesch','China'),
(103,'Cole-Bartoletti','Malaysia'),
(104,'Gislason Group','Mexico'),
(105,'Volkman-Feil','Poland'),
(106,'Feest Group','Vietnam'),
(107,'Ebert-Pagac','Taiwan'),
(108,'Buckridge, Yost and Schuster','China'),
(109,'Fahey, Feeney and Konopelski',NULL),
(110,'Kuhlman-Dibbert','China'),
(111,'Berge and Sons','Sudan'),
(112,'Abbott Group','Nigeria'),
(113,'Bartoletti Inc','Brazil'),
(114,'Cormier Group','Japan'),
(115,'Bruen-Schimmel','China'),
(116,'Hackett, King and Kertzmann','Colombia'),
(117,'Murray LLC','Philippines'),
(118,'Raynor, Wilkinson and Bosco','Vietnam'),
(119,'Kassulke Inc','United States'),
(120,'Brakus and Sons',NULL),
(121,'Kuvalis, Batz and Doyle','United States'),
(122,'Beer, Stracke and Daniel','Estonia'),
(123,'Bogisich-D\'Amore','China'),
(124,'Schroeder and Sons','Poland'),
(125,'O\'Conner, Hayes and Funk','Indonesia'),
(126,'Berge-Bogan','Hungary'),
(127,'O\'Reilly Group','Malaysia'),
(128,'Rippin-Dickens','China'),
(129,'Lubowitz Inc','Oman'),
(130,'Hickle-Hagenes','Brazil'),
(131,'Gottlieb and Sons','Thailand'),
(132,'Considine Inc','China'),
(133,'Pouros, Lowe and Bergstrom','Nigeria'),
(134,'Ledner-Pouros','Poland'),
(135,'Abshire, Ruecker and Leffler','Indonesia'),
(136,'Runte-Witting','Indonesia'),
(137,'Padberg-Brekke','Indonesia'),
(138,'MacGyver, Hane and Johns',NULL),
(139,'Hudson-Abshire','Argentina'),
(140,'Olson-Kuphal','Philippines'),
(141,'Smith LLC','Indonesia'),
(142,'Hayes LLC','Mongolia'),
(143,'Swift, Walter and Reilly','France'),
(144,'Larson, Hackett and Hackett','Indonesia'),
(145,'Cremin Group','Indonesia'),
(146,'Fahey-Walter','China'),
(147,'Wisozk-White','Norway'),
(148,'Harvey-Hirthe','Guatemala'),
(149,'Treutel-Kulas','China'),
(150,'Schimmel, Skiles and Schulist','Indonesia'),
(151,'Feest, Kris and Paucek','Ukraine'),
(152,'Kreiger, Haag and Nitzsche','Armenia'),
(153,'Ferry Group',NULL),
(154,'Anderson-Heidenreich',NULL),
(155,'Schuppe LLC','Bulgaria'),
(156,'Johns-Leffler','Serbia'),
(157,'Herzog, Collins and Gutkowski','Russia'),
(158,'Thiel, Douglas and Miller',NULL),
(159,'Yundt and Sons','Panama'),
(160,'Wilkinson, Schmeler and Ankunding',NULL),
(161,'Robel Group','Mexico'),
(162,'Franecki-Marvin','Azerbaijan'),
(163,'Kovacek-Fadel','Brazil'),
(164,'Sauer, Conn and Kutch','Indonesia'),
(165,'Collins Group','Russia'),
(166,'Sawayn-Johnston','France'),
(167,'Schaden LLC','Russia'),
(168,'Kuphal, Shanahan and Hayes','Argentina'),
(169,'Reilly Inc','Iraq'),
(170,'Schmeler and Sons','China'),
(171,'Collins and Sons','Saudi Arabia'),
(172,'Prosacco Group','Brazil'),
(173,'Rohan, Lindgren and Purdy','Portugal'),
(174,'Bradtke and Sons','Argentina'),
(175,'Bednar and Sons','Philippines'),
(176,'Boehm-Spinka','Russia'),
(177,'Aufderhar, Nitzsche and Harris','Colombia'),
(178,'Quitzon, Russel and Stiedemann','Japan'),
(179,'Sanford-Renner','Portugal'),
(180,'Homenick Inc','Malaysia'),
(181,'Hettinger-Streich',NULL),
(182,'Schmitt Group','Indonesia'),
(183,'Lind, Douglas and Ziemann',NULL),
(184,'Hickle-Rutherford','Ukraine'),
(185,'O\'Keefe, Heathcote and Mitchell','China'),
(186,'Grady-Heidenreich','Iran'),
(187,'Kovacek Inc',NULL),
(188,'Turcotte and Sons','Peru'),
(189,'Toy, Kris and Terry','Indonesia'),
(190,'Crooks, Lowe and Stamm','China'),
(191,'Bartoletti-Boehm','Poland'),
(192,'Mitchell-Romaguera','Chile'),
(193,'Block Inc','China'),
(194,'Hermiston Group',NULL),
(195,'Cartwright-Abshire','Philippines'),
(196,'Tromp and Sons','China'),
(197,'Bartoletti-Keeling','Albania'),
(198,'Bergstrom, Wolff and Nikolaus',NULL),
(199,'Denesik-Thiel','China'),
(200,'Bailey-Durgan','Portugal'),
(201,'Flatley, Trantow and Gleichner','Belarus'),
(202,'Gorczany, Bahringer and Mante','Colombia'),
(203,'Schroeder and Sons','United Kingdom'),
(204,'Beier-Kilback','China'),
(205,'Hauck, Leffler and Gleason','Colombia'),
(206,'Walsh-Kling',NULL),
(207,'Bahringer-Schiller','Philippines'),
(208,'Schaden and Sons','Indonesia'),
(209,'Hilpert, Fisher and Volkman','Czech Republic'),
(210,'Jones, Ruecker and Doyle','Brazil'),
(211,'Halvorson-Bradtke','France'),
(212,'Treutel Inc','Isle of Man'),
(213,'Rolfson-Lehner','Indonesia'),
(214,'Ebert, Beer and Lang',NULL),
(215,'Lind Inc','Brazil'),
(216,'Spencer-Wiza','Portugal'),
(217,'Willms-Wiza','China'),
(218,'Hansen-Kihn','South Africa'),
(219,'Douglas, Parisian and Vandervort','Poland'),
(220,'Moen Group',NULL),
(221,'McDermott-Sporer','Russia'),
(222,'Walsh Inc','Portugal'),
(223,'Kautzer, Keebler and Boehm',NULL),
(224,'Harris, Mraz and Howe','France'),
(225,'Deckow-Howell','Brazil'),
(226,'Schuppe Group','Indonesia'),
(227,'Aufderhar-Kuphal','Croatia'),
(228,'McKenzie, Keebler and Rodriguez','Sweden'),
(229,'O\'Keefe Group','Portugal'),
(230,'Pacocha Inc','Spain'),
(231,'Bins-Dare','Indonesia'),
(232,'Stroman, Quitzon and Bergstrom','Poland'),
(233,'MacGyver Inc','Philippines'),
(234,'Lowe Inc','Mexico'),
(235,'Harber Inc','Sierra Leone'),
(236,'Luettgen Inc','Peru'),
(237,'Hessel, Heathcote and Roberts','Nicaragua'),
(238,'Larkin-Swaniawski','Finland'),
(239,'Luettgen, Hodkiewicz and Ondricka','Russia'),
(240,'Pouros Group','Portugal'),
(241,'Schumm, Effertz and Lakin','Afghanistan'),
(242,'Weimann and Sons',NULL),
(243,'Champlin Inc','China'),
(244,'Romaguera Inc','France'),
(245,'Mayert-King','China'),
(246,'Nikolaus, Welch and Quigley','Mexico'),
(247,'Graham-Olson','France'),
(248,'Hessel, Swaniawski and Christiansen','Greece'),
(249,'Moore Inc','Jordan'),
(250,'Mohr, Raynor and Stroman','China');
/*!40000 ALTER TABLE `fournisseur` ENABLE KEYS */;
UNLOCK TABLES;

--
-- Table structure for table `passer`
--

DROP TABLE IF EXISTS `passer`;
/*!40101 SET @saved_cs_client     = @@character_set_client */;
/*!40101 SET character_set_client = utf8 */;
CREATE TABLE `passer` (
  `id_cli` int(11) NOT NULL DEFAULT 0,
  `no_comm` int(11) NOT NULL DEFAULT 0,
  PRIMARY KEY (`id_cli`,`no_comm`),
  KEY `no_comm` (`no_comm`)
) ENGINE=InnoDB DEFAULT CHARSET=utf8mb3 COLLATE=utf8mb3_general_ci;
/*!40101 SET character_set_client = @saved_cs_client */;

--
-- Dumping data for table `passer`
--

LOCK TABLES `passer` WRITE;
/*!40000 ALTER TABLE `passer` DISABLE KEYS */;
INSERT INTO `passer` VALUES
(1,401),
(2,59),
(2,442),
(10,173),
(15,335),
(16,194),
(21,140),
(24,121),
(26,464),
(28,242),
(29,301),
(30,35),
(31,490),
(33,26),
(34,431),
(35,272),
(36,80),
(39,156),
(41,65),
(44,239),
(45,218),
(46,13),
(49,392),
(51,267),
(57,213),
(59,256),
(61,316),
(64,9),
(65,113),
(65,495),
(69,31),
(71,476),
(74,29),
(74,415),
(76,1),
(76,387),
(77,271),
(82,465),
(83,279),
(84,365),
(85,64),
(85,380),
(91,48),
(92,63),
(95,130),
(95,169),
(96,317),
(98,282),
(100,75),
(103,39),
(104,454),
(106,263),
(106,273),
(107,137),
(107,246),
(108,125),
(108,290),
(108,436),
(109,250),
(109,254),
(111,142),
(112,308),
(112,332),
(113,381),
(114,16),
(116,405),
(117,184),
(118,94),
(120,306),
(121,325),
(127,481),
(130,260),
(130,429),
(131,12),
(131,22),
(133,70),
(134,153),
(139,191),
(142,182),
(143,222),
(145,83),
(159,168),
(164,15),
(166,126),
(168,294),
(169,459),
(172,158),
(172,268),
(173,445),
(174,479),
(176,287),
(178,152),
(178,355),
(178,357),
(179,116),
(179,135),
(183,224),
(183,337),
(187,174),
(194,235),
(194,487),
(195,448),
(197,120),
(198,37),
(204,288),
(206,47),
(206,240),
(207,435),
(208,292),
(210,77),
(210,160),
(210,373),
(211,209),
(212,238),
(213,231),
(215,358),
(220,468),
(221,322),
(223,318),
(225,303),
(226,477),
(227,390),
(228,100),
(230,49),
(232,50),
(232,207),
(236,185),
(240,57),
(241,107),
(241,262),
(246,220),
(249,52),
(249,382),
(251,412),
(252,391),
(253,198),
(254,274),
(255,200),
(257,21),
(259,458),
(261,189),
(263,361),
(264,56),
(270,82),
(273,124),
(274,4),
(275,34),
(276,280),
(281,304),
(283,305),
(285,407),
(287,225),
(290,147),
(290,243),
(290,460),
(293,20),
(293,208),
(295,79),
(297,289),
(299,475),
(300,18),
(308,275),
(310,248),
(311,165),
(312,466),
(314,370),
(315,249),
(316,455),
(319,368),
(319,398),
(320,334),
(321,93),
(322,123),
(328,141),
(328,366),
(329,6),
(330,60),
(332,364),
(333,360),
(340,406),
(341,430),
(342,161),
(347,166),
(347,417),
(350,106),
(352,150),
(353,186),
(357,190),
(357,192),
(358,27),
(360,89),
(362,433),
(364,229),
(369,181),
(372,201),
(374,425),
(376,297),
(376,309),
(376,374),
(381,315),
(381,432),
(383,472),
(386,399),
(391,155),
(392,340),
(402,30),
(403,462),
(406,5),
(406,350),
(410,33),
(416,210),
(418,326),
(422,11),
(423,396),
(426,342),
(429,212),
(430,178),
(430,236),
(436,17),
(436,461),
(438,164),
(442,105),
(443,19),
(443,296),
(445,302),
(448,237),
(449,195),
(451,377),
(453,328),
(459,163),
(459,485),
(460,496),
(462,245),
(469,394),
(471,73),
(471,467),
(474,346),
(476,491),
(477,69),
(478,154),
(478,159),
(479,136),
(485,111),
(487,226),
(490,251),
(493,199),
(493,411),
(493,478),
(494,170),
(496,206),
(497,291),
(499,270),
(502,471),
(504,196),
(506,148),
(510,320),
(511,188),
(512,232),
(513,143),
(513,311),
(516,128),
(523,99),
(525,414),
(528,493),
(530,110),
(531,95),
(533,134),
(534,127),
(535,293),
(537,67),
(537,241),
(539,138),
(540,388),
(542,183),
(546,66),
(547,101),
(548,253),
(550,90),
(551,25),
(557,386),
(560,375),
(562,419),
(562,469),
(566,265),
(568,313),
(569,219),
(570,205),
(571,369),
(575,103),
(575,452),
(581,221),
(581,284),
(586,74),
(587,204),
(589,162),
(592,341),
(593,295),
(596,58),
(599,347),
(602,146),
(602,437),
(603,7),
(604,395),
(607,38),
(607,486),
(608,441),
(609,115),
(609,247),
(612,258),
(619,330),
(621,499),
(625,488),
(627,497),
(628,10),
(629,87),
(630,492),
(633,378),
(634,96),
(637,114),
(640,324),
(641,45),
(641,393),
(641,447),
(642,259),
(643,118),
(644,149),
(644,307),
(646,489),
(647,132),
(647,203),
(651,197),
(656,14),
(658,333),
(660,62),
(660,68),
(660,404),
(662,400),
(667,480),
(668,413),
(671,28),
(671,494),
(674,131),
(675,78),
(677,338),
(678,86),
(679,397),
(681,36),
(682,257),
(683,389),
(686,129),
(690,339),
(690,418),
(691,314),
(691,362),
(698,202),
(699,72),
(700,216),
(702,319),
(706,278),
(707,252),
(716,356),
(718,97),
(719,179),
(719,351),
(719,352),
(721,426),
(725,457),
(729,108),
(730,92),
(731,300),
(733,484),
(737,410),
(738,336),
(738,372),
(740,151),
(743,474),
(744,329),
(745,470),
(746,444),
(747,157),
(748,428),
(750,2),
(751,43),
(751,383),
(753,443),
(755,139),
(758,214),
(759,53),
(763,112),
(763,234),
(767,384),
(769,402),
(774,133),
(775,176),
(776,439),
(777,32),
(780,321),
(782,345),
(783,359),
(784,264),
(785,244),
(786,71),
(788,3),
(789,119),
(790,102),
(791,434),
(793,51),
(798,266),
(799,449),
(800,117),
(804,269),
(805,145),
(806,473),
(807,331),
(809,385),
(815,24),
(817,55),
(817,175),
(820,349),
(831,8),
(831,217),
(838,277),
(842,440),
(845,54),
(852,285),
(854,61),
(854,187),
(854,276),
(854,403),
(858,227),
(866,408),
(869,427),
(869,438),
(870,353),
(871,177),
(872,81),
(872,193),
(874,299),
(875,367),
(877,122),
(880,85),
(883,46),
(885,41),
(887,84),
(888,109),
(891,371),
(895,423),
(897,376),
(898,91),
(901,424),
(902,98),
(904,482),
(913,23),
(917,451),
(920,88),
(920,456),
(922,44),
(923,283),
(931,281),
(932,483),
(934,171),
(934,298),
(934,450),
(936,363),
(943,344),
(946,310),
(951,230),
(951,422),
(952,104),
(952,463),
(953,498),
(958,409),
(962,215),
(964,255),
(964,453),
(966,211),
(967,343),
(971,354),
(973,379),
(976,286),
(977,233),
(979,172),
(980,167),
(983,261),
(984,180),
(985,327),
(986,40),
(986,420),
(987,76),
(987,446),
(991,223),
(991,323),
(992,421),
(993,500),
(994,144),
(994,228),
(994,348),
(997,416),
(999,42),
(1000,312);
/*!40000 ALTER TABLE `passer` ENABLE KEYS */;
UNLOCK TABLES;

--
-- Table structure for table `produit`
--

DROP TABLE IF EXISTS `produit`;
/*!40101 SET @saved_cs_client     = @@character_set_client */;
/*!40101 SET character_set_client = utf8 */;
CREATE TABLE `produit` (
  `id_prod` int(11) NOT NULL AUTO_INCREMENT,
  `nom_prod` varchar(50) NOT NULL,
  `prix` decimal(7,2) NOT NULL,
  `photo` blob DEFAULT NULL,
  `code_four` int(11) NOT NULL,
  PRIMARY KEY (`id_prod`),
  KEY `code_four` (`code_four`)
) ENGINE=InnoDB AUTO_INCREMENT=1001 DEFAULT CHARSET=utf8mb3 COLLATE=utf8mb3_general_ci;
/*!40101 SET character_set_client = @saved_cs_client */;

--
-- Dumping data for table `produit`
--

LOCK TABLES `produit` WRITE;
/*!40000 ALTER TABLE `produit` DISABLE KEYS */;
INSERT INTO `produit` VALUES
(1,'Chickensplit Half',32.85,NULL,64),
(2,'Sprouts - Corn',11.10,NULL,88),
(3,'Bread - Roll, Calabrese',46.06,NULL,177),
(4,'Longan',11.10,NULL,235),
(5,'Coffee - Dark Roast',87.89,NULL,15),
(6,'Scallops - U - 10',11.91,NULL,71),
(7,'Veal - Inside',34.16,NULL,198),
(8,'Steampan Lid',59.65,NULL,94),
(9,'Monkfish Fresh - Skin Off',40.74,NULL,216),
(10,'Yeast Dry - Fermipan',17.98,NULL,127),
(11,'Vodka - Smirnoff',8.77,NULL,133),
(12,'Sandwich Wrap',57.79,NULL,38),
(13,'Wine - Champagne Brut Veuve',11.10,NULL,138),
(14,'Hold Up Tool Storage Rack',32.22,NULL,82),
(15,'Pastry - Choclate Baked',78.90,NULL,218),
(16,'Coffee - Hazelnut Cream',94.66,NULL,31),
(17,'Cabbage - Red',11.00,NULL,163),
(18,'Beef - Montreal Smoked Brisket',15.17,NULL,163),
(19,'Lady Fingers',88.28,NULL,51),
(20,'Pork - Bacon,back Peameal',96.16,NULL,220),
(21,'Dc - Frozen Momji',11.10,NULL,134),
(22,'Coffee - Dark Roast',74.33,NULL,241),
(23,'Snapple Lemon Tea',96.78,NULL,247),
(24,'Quinoa',90.54,NULL,190),
(25,'Pastry - Key Limepoppy Seed Tea',35.39,NULL,79),
(26,'Loaf Pan - 2 Lb, Foil',21.17,NULL,228),
(27,'Wine - Bourgogne 2002, La',93.40,NULL,82),
(28,'Cleaner - Bleach',96.20,NULL,137),
(29,'Blue Curacao - Marie Brizard',38.98,NULL,51),
(30,'Appetizer - Lobster Phyllo Roll',11.10,NULL,179),
(31,'Corn Shoots',44.28,NULL,60),
(32,'Wine - White, Colubia Cresh',9.59,NULL,155),
(33,'Veal - Ground',68.88,NULL,171),
(34,'Cream - 10%',41.79,NULL,158),
(35,'Pork - Belly Fresh',7.93,NULL,168),
(36,'Mustard - Individual Pkg',70.28,NULL,73),
(37,'Appetizer - Shrimp Puff',6.28,NULL,248),
(38,'Veal - Tenderloin, Untrimmed',8.92,NULL,46),
(39,'Soup Campbells Split Pea And Ham',32.87,NULL,96),
(40,'Veal - Inside Round / Top, Lean',43.24,NULL,75),
(41,'Coriander - Seed',62.40,NULL,214),
(42,'Ice Cream - Life Savers',94.23,NULL,118),
(43,'Wine - Rosso Del Veronese Igt',75.41,NULL,55),
(44,'Kaffir Lime Leaves',11.10,NULL,49),
(45,'Pastry - Chocolate Marble Tea',52.25,NULL,95),
(46,'Wine - Magnotta - Cab Sauv',45.80,NULL,229),
(47,'Chicken - Whole Fryers',96.31,NULL,206),
(48,'Pear - Halves',85.69,NULL,110),
(49,'Tomatoes - Yellow Hot House',87.12,NULL,60),
(50,'Orange - Canned, Mandarin',17.90,NULL,243),
(51,'Sauce - Soy Low Sodium - 3.87l',54.44,NULL,116),
(52,'Mix - Cocktail Strawberry Daiquiri',36.80,NULL,130),
(53,'Jello - Assorted',54.65,NULL,209),
(54,'Cups 10oz Trans',84.32,NULL,139),
(55,'Hot Chocolate - Individual',78.02,NULL,98),
(56,'Ocean Spray - Kiwi Strawberry',50.70,NULL,114),
(57,'Chocolate - Milk, Callets',44.11,NULL,92),
(58,'Cake - Sheet Strawberry',11.10,NULL,131),
(59,'Cake - Night And Day Choclate',64.87,NULL,45),
(60,'Apron',11.10,NULL,11),
(61,'Chinese Foods - Chicken',17.03,NULL,235),
(62,'Lamb Rack - Ontario',31.78,NULL,80),
(63,'Grapefruit - Pink',18.21,NULL,56),
(64,'Pasta - Fett Alfredo, Single Serve',11.10,NULL,141),
(65,'Russian Prince',30.58,NULL,169),
(66,'Ice Cream - Chocolate',37.31,NULL,137),
(67,'Eggroll',96.68,NULL,233),
(68,'Asparagus - White, Canned',43.49,NULL,145),
(69,'Currants',68.44,NULL,184),
(70,'Lettuce - Curly Endive',46.58,NULL,205),
(71,'Mousse - Banana Chocolate',19.07,NULL,246),
(72,'Juice - Lagoon Mango',60.12,NULL,2),
(73,'Nut - Pecan, Pieces',11.10,NULL,40),
(74,'Soupfoamcont12oz 112con',93.38,NULL,67),
(75,'Beef Striploin Aaa',11.10,NULL,149),
(76,'Tray - Foam, Square 4 - S',59.69,NULL,164),
(77,'Vinegar - White Wine',97.93,NULL,117),
(78,'Tray - Foam, Square 4 - S',38.08,NULL,127),
(79,'Shiratamako - Rice Flour',41.79,NULL,122),
(80,'Broom - Corn',95.45,NULL,135),
(81,'Veal - Liver',11.10,NULL,140),
(82,'Bread Base - Goodhearth',42.35,NULL,6),
(83,'Milk 2% 500 Ml',62.09,NULL,232),
(84,'Wine - Kwv Chenin Blanc South',93.63,NULL,208),
(85,'Butter Sweet',11.10,NULL,148),
(86,'Wine - Pinot Noir Mondavi Coastal',62.29,NULL,161),
(87,'Beans - Wax',43.71,NULL,60),
(88,'Calaloo',70.39,NULL,147),
(89,'Vodka - Hot, Lnferno',7.22,NULL,57),
(90,'Lamb - Loin Chops',98.15,NULL,105),
(91,'Ecolab Digiclean Mild Fm',15.71,NULL,209),
(92,'Cheese - Goat',25.11,NULL,246),
(93,'Broccoli - Fresh',67.90,NULL,108),
(94,'Pasta - Fusili Tri - Coloured',83.83,NULL,72),
(95,'Mint - Fresh',2.35,NULL,106),
(96,'Wine - Barolo Fontanafredda',44.35,NULL,191),
(97,'Table Cloth 54x54 Colour',11.10,NULL,103),
(98,'Silicone Paper 16.5x24',12.52,NULL,4),
(99,'Wine - Chianti Classica Docg',99.54,NULL,196),
(100,'Beef - Cooked, Corned',11.10,NULL,141),
(101,'Cognac - Courvaisier',54.39,NULL,32),
(102,'Beef - Baby, Liver',80.75,NULL,88),
(103,'Grapes - Red',3.54,NULL,48),
(104,'Contreau',49.68,NULL,79),
(105,'Table Cloth 90x90 Colour',70.23,NULL,238),
(106,'Bread - English Muffin',72.37,NULL,56),
(107,'Coffee - Decafenated',78.52,NULL,48),
(108,'Water - Aquafina Vitamin',49.78,NULL,28),
(109,'Bread Foccacia Whole',11.10,NULL,171),
(110,'Smoked Paprika',35.49,NULL,118),
(111,'Pork Casing',60.77,NULL,243),
(112,'Soup - Campbells, Cream Of',36.53,NULL,180),
(113,'Lettuce Romaine Chopped',89.61,NULL,132),
(114,'Sea Bass - Fillets',46.70,NULL,5),
(115,'Versatainer Nc - 9388',11.10,NULL,6),
(116,'Squash - Acorn',22.10,NULL,142),
(117,'Sole - Iqf',65.05,NULL,150),
(118,'Bread Sour Rolls',63.97,NULL,54),
(119,'Rabbit - Legs',65.89,NULL,37),
(120,'Toothpick Frilled',28.02,NULL,224),
(121,'Nut - Almond, Blanched, Whole',99.11,NULL,204),
(122,'Coke - Diet, 355 Ml',59.61,NULL,213),
(123,'Mushrooms - Honey',7.83,NULL,97),
(124,'Corn Meal',42.73,NULL,250),
(125,'Liquid Aminios Acid - Braggs',26.67,NULL,79),
(126,'Wine - Cousino Macul Antiguas',65.25,NULL,45),
(127,'Extract - Lemon',53.49,NULL,15),
(128,'Beer - Rickards Red',75.66,NULL,71),
(129,'Rice - Brown',85.77,NULL,198),
(130,'Pastry - Choclate Baked',71.52,NULL,87),
(131,'Tart Shells - Savory, 2',83.88,NULL,140),
(132,'Wine - Cava Aria Estate Brut',85.80,NULL,135),
(133,'Beans - Fava Fresh',27.20,NULL,236),
(134,'Wine - Chablis 2003 Champs',59.46,NULL,176),
(135,'Red Currant Jelly',37.55,NULL,166),
(136,'Hersey Shakes',46.69,NULL,28),
(137,'Crackers - Melba Toast',10.76,NULL,63),
(138,'Wine - Acient Coast Caberne',11.10,NULL,119),
(139,'Soup - Campbells Asian Noodle',38.06,NULL,227),
(140,'Sobe - Orange Carrot',10.90,NULL,50),
(141,'Muffin Mix - Raisin Bran',21.46,NULL,19),
(142,'Tuna - Yellowfin',42.87,NULL,100),
(143,'Pie Pecan',24.62,NULL,237),
(144,'Beef - Rib Roast, Cap On',19.92,NULL,21),
(145,'Pork - Loin, Boneless',20.92,NULL,137),
(146,'Scallops 60/80 Iqf',25.84,NULL,8),
(147,'Irish Cream - Butterscotch',3.36,NULL,157),
(148,'Container - Clear 32 Oz',55.83,NULL,36),
(149,'Snapple Raspberry Tea',43.37,NULL,207),
(150,'Country Roll',11.10,NULL,57),
(151,'Carbonated Water - Peach',45.42,NULL,73),
(152,'Beef - Tongue, Cooked',40.65,NULL,38),
(153,'Soup - Knorr, Classic Can. Chili',14.09,NULL,180),
(154,'Veal - Bones',87.37,NULL,132),
(155,'Cheese Cloth No 60',63.35,NULL,49),
(156,'Gingerale - Schweppes, 355 Ml',79.67,NULL,128),
(157,'Pepper - Pablano',94.33,NULL,24),
(158,'Grapes - Green',49.07,NULL,205),
(159,'Olives - Morracan Dired',6.59,NULL,194),
(160,'Cranberry Foccacia',11.10,NULL,85),
(161,'Appetizer - Lobster Phyllo Roll',14.17,NULL,217),
(162,'Creme De Cacao Mcguines',61.29,NULL,135),
(163,'Beets - Mini Golden',81.53,NULL,208),
(164,'Silicone Parch. 16.3x24.3',11.10,NULL,186),
(165,'Sauce - Hollandaise',44.70,NULL,124),
(166,'Pasta - Canelloni, Single Serve',75.24,NULL,47),
(167,'Milk Powder',32.27,NULL,212),
(168,'Pork - Smoked Kassler',33.79,NULL,55),
(169,'Bay Leaf Ground',50.07,NULL,29),
(170,'Lettuce - Green Leaf',93.51,NULL,160),
(171,'Lemonade - Mandarin, 591 Ml',28.21,NULL,56),
(172,'Squid - U - 10 Thailand',77.19,NULL,200),
(173,'Chips Potato Reg 43g',16.56,NULL,220),
(174,'Sprite, Diet - 355ml',11.10,NULL,170),
(175,'Chicken - Leg, Boneless',40.53,NULL,11),
(176,'Wine - Clavet Saint Emilion',18.89,NULL,205),
(177,'Beef - Striploin Aa',11.10,NULL,100),
(178,'Wine - Fume Blanc Fetzer',93.78,NULL,237),
(179,'Bread - Burger',12.55,NULL,44),
(180,'Soup - Knorr, Ministrone',46.85,NULL,227),
(181,'Bread - Roll, Whole Wheat',98.70,NULL,9),
(182,'Corn Syrup',27.05,NULL,180),
(183,'Cheese - Comte',79.59,NULL,197),
(184,'Gingerale - Schweppes, 355 Ml',99.01,NULL,25),
(185,'Kippers - Smoked',54.75,NULL,76),
(186,'Chicken - Whole Fryers',7.04,NULL,24),
(187,'Bread - Sour Batard',6.24,NULL,205),
(188,'Chicken - Ground',59.59,NULL,232),
(189,'Soup - Boston Clam Chowder',11.10,NULL,78),
(190,'Pastry - Raisin Muffin - Mini',11.10,NULL,82),
(191,'Beer - Sleemans Cream Ale',90.70,NULL,106),
(192,'Pears - Fiorelle',11.10,NULL,206),
(193,'Longos - Chicken Cordon Bleu',66.02,NULL,117),
(194,'Lime Cordial - Roses',21.34,NULL,60),
(195,'Cake - Mini Potato Pancake',36.24,NULL,241),
(196,'Potatoes - Instant, Mashed',98.79,NULL,123),
(197,'Bread - Corn Muffaleta Onion',11.10,NULL,210),
(198,'Oil - Truffle, Black',11.10,NULL,113),
(199,'Beer - Moosehead',73.21,NULL,73),
(200,'Roe - Lump Fish, Red',75.29,NULL,148),
(201,'Beer - Alexander Kieths, Pale Ale',79.74,NULL,162),
(202,'Pepper - Paprika, Spanish',20.17,NULL,220),
(203,'Capers - Ox Eye Daisy',80.71,NULL,226),
(204,'Seedlings - Mix, Organic',82.41,NULL,187),
(205,'Coffee Guatemala Dark',73.72,NULL,113),
(206,'Vinegar - Sherry',26.80,NULL,58),
(207,'Bread - White, Unsliced',11.10,NULL,19),
(208,'Wine - Magnotta, Merlot Sr Vqa',89.15,NULL,194),
(209,'Nut - Macadamia',11.10,NULL,135),
(210,'Chicken - Wings, Tip Off',34.59,NULL,85),
(211,'Soup - Campbells Chili Veg',42.59,NULL,240),
(212,'Beer - Guiness',76.42,NULL,127),
(213,'Flax Seed',99.58,NULL,212),
(214,'Wine - Fat Bastard Merlot',42.82,NULL,233),
(215,'Dasheen',38.70,NULL,196),
(216,'Sage Derby',14.82,NULL,45),
(217,'Bread - Hamburger Buns',32.04,NULL,68),
(218,'Chicken Breast Wing On',84.38,NULL,53),
(219,'Bread - Roll, Calabrese',81.21,NULL,193),
(220,'Muffin - Mix - Strawberry Rhubarb',11.10,NULL,43),
(221,'Flour - Whole Wheat',31.61,NULL,119),
(222,'Sachet',30.45,NULL,162),
(223,'Potatoes - Mini Red',8.89,NULL,165),
(224,'Flour - Strong Pizza',48.40,NULL,60),
(225,'Dc - Frozen Momji',20.72,NULL,57),
(226,'Wine - Pinot Grigio Collavini',74.93,NULL,126),
(227,'Juice - Mango',18.47,NULL,140),
(228,'Cake - Night And Day Choclate',82.29,NULL,135),
(229,'Plaintain',57.03,NULL,164),
(230,'Rice - Basmati',76.16,NULL,60),
(231,'Nut - Almond, Blanched, Ground',3.32,NULL,61),
(232,'Nut - Almond, Blanched, Sliced',99.89,NULL,36),
(233,'Bananas',82.90,NULL,218),
(234,'Pork Loin Cutlets',50.13,NULL,47),
(235,'Cheese Cloth',32.24,NULL,68),
(236,'Wine - Red, Concha Y Toro',11.10,NULL,120),
(237,'Lady Fingers',43.13,NULL,158),
(238,'Remy Red Berry Infusion',54.14,NULL,199),
(239,'Shrimp, Dried, Small / Lb',1.91,NULL,135),
(240,'Buffalo - Striploin',37.07,NULL,221),
(241,'Tobasco Sauce',90.15,NULL,146),
(242,'Soup - Campbells, Classic Chix',69.74,NULL,241),
(243,'Grenadine',71.35,NULL,152),
(244,'Lemonade - Island Tea, 591 Ml',64.56,NULL,226),
(245,'Beer - Alexander Kieths, Pale Ale',33.00,NULL,47),
(246,'Vacuum Bags 12x16',73.48,NULL,20),
(247,'Milk - 2%',6.22,NULL,201),
(248,'Turnip - White',36.24,NULL,70),
(249,'Steampan Lid',32.12,NULL,132),
(250,'Energy Drink - Franks Pineapple',36.56,NULL,49),
(251,'Coffee Swiss Choc Almond',70.69,NULL,24),
(252,'Juice - Tomato, 10 Oz',17.42,NULL,41),
(253,'Basil - Seedlings Cookstown',66.65,NULL,86),
(254,'Paper - Brown Paper Mini Cups',68.79,NULL,164),
(255,'Lemon Tarts',38.38,NULL,79),
(256,'Garbage Bags - Black',95.36,NULL,160),
(257,'Crab Brie In Phyllo',95.05,NULL,156),
(258,'Carbonated Water - Blackberry',19.07,NULL,187),
(259,'Star Anise, Whole',6.37,NULL,120),
(260,'Eggplant - Regular',45.11,NULL,213),
(261,'Radish - Pickled',66.14,NULL,218),
(262,'Beef - Kindney, Whole',48.98,NULL,8),
(263,'Oil - Olive Bertolli',93.75,NULL,193),
(264,'Ostrich - Fan Fillet',18.82,NULL,220),
(265,'Beef Wellington',25.93,NULL,174),
(266,'Tart Shells - Savory, 2',92.77,NULL,51),
(267,'Phyllo Dough',82.74,NULL,117),
(268,'Squid - Tubes / Tenticles 10/20',53.39,NULL,236),
(269,'Cognac - Courvaisier',12.71,NULL,214),
(270,'Tamarillo',44.09,NULL,178),
(271,'Longos - Burritos',81.42,NULL,159),
(272,'French Pastry - Mini Chocolate',53.18,NULL,215),
(273,'Wine - Barossa Valley Estate',25.83,NULL,234),
(274,'Easy Off Oven Cleaner',95.40,NULL,196),
(275,'Bread - Pita, Mini',57.80,NULL,124),
(276,'Lettuce - Escarole',14.27,NULL,41),
(277,'Filling - Mince Meat',71.22,NULL,150),
(278,'Chinese Foods - Thick Noodles',21.08,NULL,24),
(279,'Neckerchief Blck',81.97,NULL,103),
(280,'Mushroom - Chantrelle, Fresh',14.39,NULL,9),
(281,'Beer - Upper Canada Lager',63.03,NULL,245),
(282,'Chicken - Ground',18.06,NULL,139),
(283,'Bacardi Limon',73.76,NULL,10),
(284,'Shrimp - 16/20, Peeled Deviened',52.64,NULL,18),
(285,'Beer - Heinekin',53.64,NULL,110),
(286,'Wine - White, Chardonnay',20.19,NULL,130),
(287,'Rabbit - Frozen',11.10,NULL,4),
(288,'Bagel - Everything',73.03,NULL,62),
(289,'Couscous',95.18,NULL,27),
(290,'Sprouts - Pea',11.25,NULL,42),
(291,'Onions - Red',77.15,NULL,153),
(292,'Soup - Campbells, Creamy',36.38,NULL,158),
(293,'Shiro Miso',56.90,NULL,156),
(294,'Appetizer - Tarragon Chicken',65.79,NULL,83),
(295,'Avocado',1.30,NULL,215),
(296,'Pie Shell - 5',11.10,NULL,150),
(297,'Table Cloth 62x114 Colour',11.10,NULL,169),
(298,'Longos - Chicken Curried',59.57,NULL,228),
(299,'Pear - Prickly',56.80,NULL,32),
(300,'Wine - Masi Valpolocell',30.57,NULL,28),
(301,'Crab - Back Fin Meat, Canned',77.35,NULL,18),
(302,'Vermacelli - Sprinkles, Assorted',11.10,NULL,96),
(303,'Wine - White, Ej Gallo',42.09,NULL,215),
(304,'Beer - Paulaner Hefeweisse',33.45,NULL,154),
(305,'Breadfruit',20.19,NULL,164),
(306,'Wine - Bourgogne 2002, La',11.10,NULL,132),
(307,'Octopus - Baby, Cleaned',91.38,NULL,95),
(308,'Gatorade - Xfactor Berry',42.33,NULL,65),
(309,'Flavouring - Raspberry',30.77,NULL,151),
(310,'Ecolab - Lime - A - Way 4/4 L',40.44,NULL,23),
(311,'Lettuce - Belgian Endive',38.69,NULL,200),
(312,'Pesto - Primerba, Paste',30.48,NULL,146),
(313,'Tobasco Sauce',19.71,NULL,75),
(314,'Creme De Menth - White',11.10,NULL,1),
(315,'Sponge Cake Mix - Chocolate',21.55,NULL,231),
(316,'Beer - Rickards Red',98.32,NULL,20),
(317,'Quail - Jumbo Boneless',81.51,NULL,227),
(318,'Cheese - Bocconcini',87.38,NULL,103),
(319,'Wine - Red, Gallo, Merlot',37.56,NULL,154),
(320,'Wine - White, Lindemans Bin 95',11.10,NULL,64),
(321,'Soup Campbells Turkey Veg.',84.81,NULL,102),
(322,'Sea Urchin',95.62,NULL,93),
(323,'Juice - Cranberry, 341 Ml',72.46,NULL,75),
(324,'Veal - Inside, Choice',43.58,NULL,83),
(325,'Goldschalger',79.49,NULL,135),
(326,'Juice - Clamato, 341 Ml',91.08,NULL,229),
(327,'Milk - 2% 250 Ml',73.60,NULL,23),
(328,'Cheese - Pont Couvert',88.66,NULL,123),
(329,'Sandwich Wrap',9.61,NULL,224),
(330,'Noodles - Cellophane, Thin',16.26,NULL,125),
(331,'Energy Drink - Franks Pineapple',37.18,NULL,37),
(332,'Chocolate Bar - Smarties',70.99,NULL,229),
(333,'Wine - Red, Pinot Noir, Chateau',16.54,NULL,65),
(334,'Coriander - Ground',85.37,NULL,1),
(335,'Crab - Claws, 26 - 30',11.10,NULL,28),
(336,'Blue Curacao - Marie Brizard',78.37,NULL,110),
(337,'Tomatoes - Heirloom',11.10,NULL,238),
(338,'Tart Shells - Sweet, 2',75.44,NULL,226),
(339,'Corn Meal',30.59,NULL,35),
(340,'Fish - Scallops, Cold Smoked',40.28,NULL,112),
(341,'Pepper - Black, Crushed',24.08,NULL,72),
(342,'Onions - Spanish',4.01,NULL,234),
(343,'Bread - Kimel Stick Poly',96.88,NULL,156),
(344,'Bread - Triangle White',55.08,NULL,35),
(345,'Snails - Large Canned',73.52,NULL,90),
(346,'Banana',59.88,NULL,195),
(347,'Table Cloth - 53x69 Colour',25.93,NULL,111),
(348,'Beef - Chuck, Boneless',19.72,NULL,10),
(349,'Salt And Pepper Mix - Black',82.99,NULL,99),
(350,'Orange Roughy 6/8 Oz',69.43,NULL,186),
(351,'Thyme - Dried',93.90,NULL,34),
(352,'Vinegar - Red Wine',19.62,NULL,27),
(353,'Smoked Tongue',63.11,NULL,117),
(354,'V8 - Berry Blend',10.63,NULL,99),
(355,'Napkin White',11.10,NULL,118),
(356,'Onion Powder',90.12,NULL,178),
(357,'Carrots - Jumbo',38.89,NULL,195),
(358,'Ranchero - Primerba, Paste',58.51,NULL,174),
(359,'Bread Foccacia Whole',3.27,NULL,126),
(360,'Sloe Gin - Mcguinness',11.64,NULL,44),
(361,'Beef - Tongue, Fresh',98.94,NULL,74),
(362,'Veal - Ground',2.64,NULL,112),
(363,'Quail - Whole, Bone - In',11.10,NULL,214),
(364,'Chinese Lemon Pork',6.30,NULL,249),
(365,'V8 Splash Strawberry Kiwi',81.08,NULL,16),
(366,'Wine - Piper Heidsieck Brut',1.84,NULL,198),
(367,'Tumeric',42.67,NULL,62),
(368,'Quail - Eggs, Fresh',41.71,NULL,64),
(369,'Salt And Pepper Mix - White',59.91,NULL,27),
(370,'Catfish - Fillets',22.25,NULL,86),
(371,'Nantuket Peach Orange',41.69,NULL,48),
(372,'Coffee - Ristretto Coffee Capsule',52.95,NULL,242),
(373,'Flower - Commercial Spider',52.34,NULL,146),
(374,'Beef - Chuck, Boneless',45.27,NULL,246),
(375,'ペプシ - Diet, 355 Ml',5.84,NULL,219),
(376,'Maple Syrup',39.45,NULL,168),
(377,'Aromat Spice / Seasoning',16.66,NULL,189),
(378,'Buffalo - Striploin',85.24,NULL,192),
(379,'Chutney Sauce',76.68,NULL,244),
(380,'Bread - Dark Rye, Loaf',96.89,NULL,128),
(381,'Sauce - Ranch Dressing',14.92,NULL,244),
(382,'Squash - Sunburst',59.15,NULL,57),
(383,'Veal - Sweetbread',52.52,NULL,33),
(384,'Laundry - Bag Cloth',51.92,NULL,122),
(385,'Dish Towel',23.65,NULL,179),
(386,'Zucchini - Green',61.05,NULL,86),
(387,'Salt And Pepper Mix - Black',79.99,NULL,220),
(388,'Pie Box - Cello Window 2.5',28.83,NULL,106),
(389,'Cheese - Brie Roitelet',19.27,NULL,235),
(390,'Bag - Clear 7 Lb',7.54,NULL,168),
(391,'Lettuce - Baby Salad Greens',48.40,NULL,57),
(392,'Durian Fruit',3.21,NULL,11),
(393,'Wine - Pinot Grigio Collavini',34.39,NULL,43),
(394,'Soup - Campbells - Chicken Noodle',96.87,NULL,125),
(395,'Pail - 4l White, With Handle',22.63,NULL,36),
(396,'Sorrel - Fresh',65.73,NULL,175),
(397,'Mushroom - Lg - Cello',11.10,NULL,205),
(398,'Yogurt - Blueberry, 175 Gr',63.39,NULL,14),
(399,'Tea - Jasmin Green',40.81,NULL,100),
(400,'Island Oasis - Pina Colada',98.27,NULL,77),
(401,'Pork - Bones',16.26,NULL,175),
(402,'Wine - Cabernet Sauvignon',1.55,NULL,185),
(403,'Pineapple - Regular',77.80,NULL,94),
(404,'Parsley - Dried',37.72,NULL,105),
(405,'Yeast Dry - Fermipan',15.54,NULL,244),
(406,'Nut - Almond, Blanched, Whole',11.10,NULL,123),
(407,'Neckerchief Blck',12.96,NULL,120),
(408,'Tomatoes - Cherry',45.14,NULL,245),
(409,'Turkey - Breast, Boneless Sk On',59.89,NULL,124),
(410,'Aspic - Light',69.91,NULL,120),
(411,'Apple - Macintosh',31.79,NULL,186),
(412,'Spice - Pepper Portions',92.20,NULL,113),
(413,'Swiss Chard',97.50,NULL,101),
(414,'Glass - Juice Clear 5oz 55005',96.33,NULL,5),
(415,'Lamb - Sausage Casings',62.44,NULL,154),
(416,'Lamb - Whole Head Off',11.10,NULL,126),
(417,'Wine - Casillero Del Diablo',44.85,NULL,68),
(418,'Bar - Sweet And Salty Chocolate',11.10,NULL,171),
(419,'Dried Cranberries',32.21,NULL,22),
(420,'Cookie - Dough Variety',21.81,NULL,88),
(421,'Beef - Kobe Striploin',19.67,NULL,36),
(422,'Oil - Pumpkinseed',8.79,NULL,207),
(423,'Chivas Regal - 12 Year Old',74.58,NULL,9),
(424,'Milk 2% 500 Ml',64.09,NULL,65),
(425,'Lettuce - Boston Bib - Organic',6.86,NULL,105),
(426,'Fudge - Chocolate Fudge',83.42,NULL,95),
(427,'Capon - Whole',25.00,NULL,6),
(428,'Table Cloth 54x54 White',15.67,NULL,143),
(429,'Corn Syrup',48.56,NULL,31),
(430,'Flour - Buckwheat, Dark',99.40,NULL,77),
(431,'Bread - Olive Dinner Roll',83.42,NULL,236),
(432,'Pasta - Penne Primavera, Single',68.03,NULL,114),
(433,'Cheese - Woolwich Goat, Log',86.82,NULL,111),
(434,'Beef - Short Loin',97.18,NULL,32),
(435,'Wine - Magnotta - Belpaese',76.79,NULL,53),
(436,'Noodles - Steamed Chow Mein',37.11,NULL,31),
(437,'Tart Shells - Barquettes, Savory',38.18,NULL,179),
(438,'Duck - Fat',98.73,NULL,73),
(439,'Muffin Mix - Carrot',23.89,NULL,60),
(440,'Smirnoff Green Apple Twist',11.10,NULL,15),
(441,'Lemon Tarts',78.20,NULL,49),
(442,'Salt - Celery',11.10,NULL,29),
(443,'Sauce - Thousand Island',77.42,NULL,245),
(444,'Tortillas - Flour, 8',21.32,NULL,248),
(445,'Spaghetti Squash',38.06,NULL,226),
(446,'Yeast Dry - Fleischman',11.10,NULL,197),
(447,'Truffle Shells - White Chocolate',72.99,NULL,173),
(448,'Calypso - Pineapple Passion',31.77,NULL,100),
(449,'V8 Pet',46.07,NULL,111),
(450,'Vanilla Beans',13.11,NULL,9),
(451,'Glaze - Clear',19.33,NULL,2),
(452,'Bag Stand',98.89,NULL,76),
(453,'Wooden Mop Handle',91.81,NULL,53),
(454,'Lettuce - Iceberg',10.97,NULL,97),
(455,'Sauce - White, Mix',80.39,NULL,63),
(456,'Basil - Thai',50.09,NULL,196),
(457,'Longos - Grilled Salmon With Bbq',11.10,NULL,82),
(458,'Cocoa Feuilletine',4.00,NULL,32),
(459,'Appetizer - Shrimp Puff',74.37,NULL,153),
(460,'Chicken - Thigh, Bone In',72.76,NULL,187),
(461,'The Pop Shoppe - Lime Rickey',20.17,NULL,204),
(462,'Wine - Jaboulet Cotes Du Rhone',4.04,NULL,97),
(463,'Wine - Peller Estates Late',42.28,NULL,156),
(464,'Soup - Campbells Asian Noodle',42.46,NULL,171),
(465,'Oil - Food, Lacquer Spray',62.70,NULL,154),
(466,'Beer - Guiness',7.52,NULL,97),
(467,'Mushroom - Lg - Cello',21.65,NULL,75),
(468,'Cheese - Brie',37.60,NULL,233),
(469,'Shrimp - 150 - 250',84.75,NULL,200),
(470,'Plums - Red',91.93,NULL,15),
(471,'Pumpkin - Seed',14.82,NULL,235),
(472,'Truffle - Whole Black Peeled',41.54,NULL,76),
(473,'Melon - Watermelon Yellow',53.04,NULL,95),
(474,'Brandy - Orange, Mc Guiness',25.30,NULL,180),
(475,'Pur Value',11.10,NULL,144),
(476,'Asparagus - White, Fresh',10.60,NULL,63),
(477,'Spic And Span All Purpose',97.60,NULL,247),
(478,'Cheese - Havarti, Roasted Garlic',52.06,NULL,98),
(479,'Strawberries - California',4.19,NULL,121),
(480,'Island Oasis - Pina Colada',63.72,NULL,119),
(481,'Crab - Soft Shell',11.10,NULL,119),
(482,'Turnip - Mini',13.66,NULL,10),
(483,'Wine - Sicilia Igt Nero Avola',85.61,NULL,141),
(484,'Glass - Wine, Plastic, Clear 5 Oz',11.10,NULL,3),
(485,'Pears - Fiorelle',21.71,NULL,189),
(486,'Pork - Back Ribs',94.81,NULL,83),
(487,'Octopus - Baby, Cleaned',62.41,NULL,224),
(488,'Crab - Soft Shell',74.65,NULL,149),
(489,'Pastrami',11.10,NULL,169),
(490,'Sauce Bbq Smokey',17.65,NULL,195),
(491,'Wine - White, Chardonnay',11.10,NULL,76),
(492,'Soup - Campbells, Butternut',87.01,NULL,210),
(493,'Chef Hat 25cm',56.63,NULL,149),
(494,'Coffee - Frthy Coffee Crisp',46.08,NULL,19),
(495,'Beef - Inside Round',55.74,NULL,144),
(496,'Pepper - Red Chili',27.37,NULL,87),
(497,'Potatoes - Pei 10 Oz',91.98,NULL,230),
(498,'Wine - Valpolicella Masi',11.10,NULL,143),
(499,'Sauce Bbq Smokey',34.98,NULL,239),
(500,'Water - Mineral, Carbonated',11.10,NULL,93),
(501,'Juice - V8, Tomato',10.84,NULL,152),
(502,'Syrup - Pancake',17.31,NULL,145),
(503,'Bread - Kimel Stick Poly',71.55,NULL,9),
(504,'Coffee - Decafenated',35.55,NULL,92),
(505,'Scrubbie - Scotchbrite Hand Pad',24.69,NULL,208),
(506,'Smoked Tongue',5.97,NULL,19),
(507,'Longos - Cheese Tortellini',55.39,NULL,7),
(508,'Steampan - Foil',53.91,NULL,195),
(509,'Chocolate - White',75.35,NULL,241),
(510,'Scallops - U - 10',11.10,NULL,123),
(511,'Soup - Campbells, Cream Of',11.10,NULL,181),
(512,'Chocolate - Unsweetened',77.22,NULL,178),
(513,'Pasta - Cheese / Spinach Bauletti',41.87,NULL,149),
(514,'Sea Bass - Whole',28.99,NULL,211),
(515,'Cognac - Courvaisier',37.70,NULL,40),
(516,'Sugar - Invert',4.61,NULL,10),
(517,'Cheese - Bocconcini',15.98,NULL,66),
(518,'Cake - Mini Cheesecake',11.10,NULL,224),
(519,'Blueberries',49.43,NULL,58),
(520,'Shrimp - 31/40',4.55,NULL,7),
(521,'Steel Wool S.o.s',75.02,NULL,203),
(522,'Cookie Trail Mix',51.59,NULL,153),
(523,'Vaccum Bag - 14x20',11.10,NULL,69),
(524,'Lettuce - Romaine',55.89,NULL,22),
(525,'Pizza Pizza Dough',76.36,NULL,152),
(526,'Ezy Change Mophandle',47.57,NULL,179),
(527,'Flour - Strong Pizza',21.42,NULL,142),
(528,'Cheese Cloth No 60',26.13,NULL,230),
(529,'Wine - Fat Bastard Merlot',59.24,NULL,32),
(530,'Pastry - Chocolate Marble Tea',29.19,NULL,160),
(531,'Canada Dry',11.10,NULL,217),
(532,'Soho Lychee Liqueur',66.21,NULL,167),
(533,'Eggplant - Asian',27.24,NULL,228),
(534,'Fireball Whisky',83.32,NULL,169),
(535,'Nutmeg - Ground',8.12,NULL,222),
(536,'Icecream - Dibs',42.51,NULL,185),
(537,'Crackers Cheez It',76.50,NULL,229),
(538,'Sage Ground Wiberg',80.17,NULL,130),
(539,'Lettuce - Boston Bib',11.97,NULL,209),
(540,'Thyme - Fresh',88.78,NULL,118),
(541,'Stock - Fish',65.87,NULL,132),
(542,'Pickle - Dill',61.30,NULL,196),
(543,'Beer - Heinekin',86.15,NULL,101),
(544,'Ice Cream Bar - Hageen Daz To',57.51,NULL,76),
(545,'Clams - Bay',11.10,NULL,233),
(546,'Beans - Wax',58.60,NULL,155),
(547,'Olive - Spread Tapenade',65.43,NULL,35),
(548,'Carrots - Jumbo',11.10,NULL,95),
(549,'Nut - Walnut, Pieces',77.67,NULL,119),
(550,'Quail Eggs - Canned',82.82,NULL,188),
(551,'Creme De Cacao Mcguines',68.13,NULL,200),
(552,'Bread - White, Unsliced',11.10,NULL,9),
(553,'Tuna - Sushi Grade',15.95,NULL,104),
(554,'Mayonnaise - Individual Pkg',97.49,NULL,180),
(555,'Mortadella',11.10,NULL,88),
(556,'Wine - Niagara,vqa Reisling',12.08,NULL,215),
(557,'Cookies - Assorted',68.78,NULL,208),
(558,'Sun - Dried Tomatoes',64.50,NULL,21),
(559,'Tart Shells - Savory, 2',97.90,NULL,81),
(560,'Syrup - Monin, Swiss Choclate',88.81,NULL,51),
(561,'Pasta - Penne, Lisce, Dry',48.39,NULL,220),
(562,'Extract - Lemon',5.08,NULL,134),
(563,'Salmon - Whole, 4 - 6 Pounds',61.64,NULL,127),
(564,'Red Snapper - Fillet, Skin On',54.02,NULL,149),
(565,'Muffin - Mix - Bran And Maple 15l',24.35,NULL,214),
(566,'Tomatoes - Cherry',74.32,NULL,101),
(567,'Blueberries',3.42,NULL,212),
(568,'Turkey - Breast, Boneless Sk On',75.32,NULL,40),
(569,'Juice - Lemon',96.98,NULL,207),
(570,'Foil Wrap',69.64,NULL,103),
(571,'Onions - Vidalia',13.86,NULL,232),
(572,'Cheese - Valancey',24.27,NULL,8),
(573,'Chocolate - Milk Coating',24.17,NULL,175),
(574,'Pate - Cognac',71.88,NULL,24),
(575,'Oil - Cooking Spray',65.15,NULL,69),
(576,'Calypso - Lemonade',11.10,NULL,71),
(577,'Pan Grease',77.21,NULL,31),
(578,'Dasheen',76.12,NULL,151),
(579,'Wine - Shiraz Wolf Blass Premium',11.10,NULL,133),
(580,'Island Oasis - Mango Daiquiri',11.10,NULL,92),
(581,'Nut - Pumpkin Seeds',11.10,NULL,111),
(582,'Cheese - Cheddar With Claret',8.43,NULL,17),
(583,'Soup - Campbells Beef Stew',43.74,NULL,38),
(584,'Stock - Beef, White',92.70,NULL,146),
(585,'Rum - Spiced, Captain Morgan',67.88,NULL,135),
(586,'Sword Pick Asst',50.47,NULL,100),
(587,'Steam Pan Full Lid',24.42,NULL,95),
(588,'Truffle Shells - White Chocolate',7.56,NULL,205),
(589,'Pasta - Angel Hair',41.95,NULL,79),
(590,'Squash - Guords',11.10,NULL,158),
(591,'Pork Loin Bine - In Frenched',92.68,NULL,186),
(592,'Sprouts - Baby Pea Tendrils',29.47,NULL,139),
(593,'Bamboo Shoots - Sliced',72.80,NULL,24),
(594,'Otomegusa Dashi Konbu',71.13,NULL,174),
(595,'Dried Figs',11.10,NULL,135),
(596,'Rice - Wild',25.28,NULL,173),
(597,'Vermouth - Sweet, Cinzano',89.50,NULL,249),
(598,'Tea Peppermint',98.82,NULL,156),
(599,'Tomatoes Tear Drop',34.86,NULL,146),
(600,'Spinach - Frozen',10.67,NULL,35),
(601,'Chocolate - Milk, Callets',90.75,NULL,97),
(602,'Tuna - Sushi Grade',58.63,NULL,202),
(603,'Asparagus - Green, Fresh',62.70,NULL,43),
(604,'Pasta - Fusili, Dry',72.53,NULL,125),
(605,'Bread - Malt',89.72,NULL,237),
(606,'Chef Hat 25cm',49.05,NULL,120),
(607,'Tomatoes - Cherry, Yellow',24.77,NULL,30),
(608,'Mushroom - King Eryingii',36.29,NULL,145),
(609,'Guinea Fowl',20.09,NULL,136),
(610,'Oil - Safflower',49.77,NULL,131),
(611,'Oven Mitt - 13 Inch',56.55,NULL,107),
(612,'Red Pepper Paste',34.70,NULL,149),
(613,'Grapes - Red',48.02,NULL,108),
(614,'Spice - Peppercorn Melange',45.35,NULL,217),
(615,'Coconut - Shredded, Sweet',8.51,NULL,84),
(616,'Potatoes - Mini Red',39.93,NULL,133),
(617,'Laundry - Bag Cloth',39.88,NULL,162),
(618,'Sour Puss Sour Apple',1.54,NULL,28),
(619,'Seedlings - Clamshell',27.89,NULL,79),
(620,'Liqueur Banana, Ramazzotti',60.32,NULL,208),
(621,'Sorrel - Fresh',5.20,NULL,144),
(622,'Pork - Bacon, Double Smoked',28.64,NULL,122),
(623,'Bread Bowl Plain',62.83,NULL,102),
(624,'Lamb - Shoulder',84.69,NULL,186),
(625,'Lotus Rootlets - Canned',22.86,NULL,24),
(626,'Pasta - Penne, Rigate, Dry',3.37,NULL,129),
(627,'Nut - Almond, Blanched, Sliced',66.66,NULL,132),
(628,'Lobak',26.10,NULL,189),
(629,'Squash - Sunburst',84.34,NULL,140),
(630,'Vinegar - Champagne',88.58,NULL,57),
(631,'Mushroom - Crimini',19.41,NULL,207),
(632,'Bandage - Finger Cots',64.94,NULL,11),
(633,'Chevere Logs',46.29,NULL,65),
(634,'Pork - Caul Fat',85.74,NULL,197),
(635,'Red Snapper - Fresh, Whole',44.29,NULL,196),
(636,'Dill Weed - Dry',88.08,NULL,60),
(637,'Cake - Mini Potato Pancake',45.49,NULL,162),
(638,'Table Cloth 62x114 Colour',27.25,NULL,39),
(639,'Bread - Raisin Walnut Pull',49.68,NULL,80),
(640,'Rabbit - Frozen',18.38,NULL,244),
(641,'Celery Root',83.72,NULL,42),
(642,'Pomegranates',59.67,NULL,118),
(643,'Wanton Wrap',86.28,NULL,197),
(644,'Milk - 2%',95.80,NULL,179),
(645,'Bread - Pumpernickle, Rounds',62.75,NULL,163),
(646,'Bouq All Italian - Primerba',95.27,NULL,144),
(647,'Baking Powder',39.29,NULL,143),
(648,'Peach - Halves',89.40,NULL,180),
(649,'Bread - Calabrese Baguette',79.81,NULL,176),
(650,'Bread - Rye',28.61,NULL,63),
(651,'Thermometer Digital',59.52,NULL,78),
(652,'Cheese - Pont Couvert',7.97,NULL,11),
(653,'Sauce - Soya, Dark',66.91,NULL,15),
(654,'Carbonated Water - Strawberry',41.20,NULL,129),
(655,'Green Tea Refresher',80.64,NULL,57),
(656,'Tuna - Salad Premix',90.44,NULL,182),
(657,'Nut - Cashews, Whole, Raw',2.56,NULL,97),
(658,'Nantucket Orange Juice',11.10,NULL,45),
(659,'Muffin - Zero Transfat',10.74,NULL,127),
(660,'Sauce - Hoisin',21.07,NULL,95),
(661,'Potatoes - Idaho 100 Count',22.48,NULL,175),
(662,'Beans - Fine',84.75,NULL,145),
(663,'Butter - Salted',96.17,NULL,103),
(664,'Ginger - Pickled',11.10,NULL,129),
(665,'Soup - Campbells Bean Medley',11.10,NULL,194),
(666,'Sugar - Sweet N Low, Individual',11.10,NULL,102),
(667,'Nestea - Iced Tea',11.10,NULL,147),
(668,'Cheese - Parmigiano Reggiano',14.04,NULL,243),
(669,'Napkin - Beverage 1 Ply',99.05,NULL,190),
(670,'Fib N9 - Prague Powder',79.27,NULL,193),
(671,'Otomegusa Dashi Konbu',11.10,NULL,76),
(672,'Tea - Herbal Sweet Dreams',17.66,NULL,19),
(673,'Cheese - Augre Des Champs',44.91,NULL,63),
(674,'Pastry - Key Limepoppy Seed Tea',90.55,NULL,69),
(675,'Lettuce - Baby Salad Greens',88.89,NULL,44),
(676,'Nantucket - Kiwi Berry Cktl.',17.34,NULL,133),
(677,'Lime Cordial - Roses',11.10,NULL,166),
(678,'Cherries - Frozen',12.14,NULL,131),
(679,'Muffin - Mix - Creme Brule 15l',7.58,NULL,36),
(680,'Wine - Cotes Du Rhone',82.18,NULL,114),
(681,'Broom - Corn',56.99,NULL,68),
(682,'Wine - Pinot Noir Mondavi Coastal',11.10,NULL,153),
(683,'Asparagus - Green, Fresh',99.78,NULL,38),
(684,'Cheese - Pied De Vents',86.68,NULL,146),
(685,'Soup - Knorr, Classic Can. Chili',68.93,NULL,23),
(686,'Fish - Soup Base, Bouillon',29.12,NULL,180),
(687,'Sauce - Plum',17.53,NULL,234),
(688,'Filter - Coffee',83.18,NULL,174),
(689,'Bread - Italian Corn Meal Poly',88.10,NULL,157),
(690,'Vector Energy Bar',38.31,NULL,238),
(691,'Wine - Chardonnay South',11.10,NULL,26),
(692,'Table Cloth 54x72 Colour',75.94,NULL,97),
(693,'Sambuca - Ramazzotti',11.10,NULL,75),
(694,'Wiberg Super Cure',86.44,NULL,230),
(695,'Corn Meal',77.80,NULL,28),
(696,'Lettuce - Iceberg',11.10,NULL,115),
(697,'Bread Base - Toscano',5.94,NULL,72),
(698,'Wine - White, Antinore Orvieto',85.65,NULL,3),
(699,'Pail For Lid 1537',89.21,NULL,165),
(700,'Tea - Vanilla Chai',49.29,NULL,9),
(701,'Appetizer - Chicken Satay',45.06,NULL,212),
(702,'Chinese Foods - Cantonese',16.74,NULL,196),
(703,'Sour Puss Raspberry',67.20,NULL,31),
(704,'Wine - Pinot Grigio Collavini',18.69,NULL,82),
(705,'Trout - Rainbow, Fresh',95.13,NULL,250),
(706,'Veal - Inside',55.05,NULL,71),
(707,'Sauce - Marinara',93.84,NULL,218),
(708,'Table Cloth 54x54 Colour',15.07,NULL,193),
(709,'Tart Shells - Sweet, 3',8.07,NULL,43),
(710,'Wine - Magnotta - Red, Baco',58.66,NULL,182),
(711,'Anisette - Mcguiness',64.28,NULL,74),
(712,'Cheese - La Sauvagine',32.71,NULL,87),
(713,'Beets - Pickled',52.51,NULL,67),
(714,'Muffin Mix - Chocolate Chip',52.55,NULL,126),
(715,'Juice - Clam, 46 Oz',31.64,NULL,68),
(716,'Eggs - Extra Large',45.55,NULL,4),
(717,'Gatorade - Orange',26.52,NULL,198),
(718,'Lamb - Leg, Diced',7.19,NULL,248),
(719,'Clam - Cherrystone',31.58,NULL,156),
(720,'Pasta - Gnocchi, Potato',11.10,NULL,56),
(721,'ペプシ - 600ml',86.05,NULL,118),
(722,'Cake - Mini Cheesecake',13.45,NULL,69),
(723,'Sugar - Palm',45.75,NULL,73),
(724,'Bacardi Breezer - Tropical',11.10,NULL,93),
(725,'Vaccum Bag 10x13',63.57,NULL,168),
(726,'Lobster - Canned Premium',90.21,NULL,188),
(727,'Soda Water - Club Soda, 355 Ml',54.70,NULL,248),
(728,'Beef - Rouladin, Sliced',41.93,NULL,197),
(729,'Wood Chips - Regular',29.96,NULL,208),
(730,'Phyllo Dough',3.96,NULL,96),
(731,'Juice - V8 Splash',24.52,NULL,140),
(732,'Taro Leaves',91.07,NULL,191),
(733,'Sugar Thermometer',92.52,NULL,97),
(734,'Beer - Sleemans Cream Ale',23.00,NULL,8),
(735,'Beef - Tongue, Cooked',44.32,NULL,161),
(736,'Scrubbie - Scotchbrite Hand Pad',37.09,NULL,181),
(737,'Flower - Leather Leaf Fern',40.50,NULL,33),
(738,'Coffee Beans - Chocolate',35.90,NULL,245),
(739,'The Pop Shoppe Pinapple',11.10,NULL,23),
(740,'Mushroom - Shitake, Dry',82.24,NULL,242),
(741,'Lamb - Shoulder',3.11,NULL,142),
(742,'Turkey - Breast, Bone - In',41.04,NULL,193),
(743,'Pork - Back, Long Cut, Boneless',11.10,NULL,182),
(744,'Mace',29.30,NULL,171),
(745,'Dc - Sakura Fu',11.10,NULL,164),
(746,'Pepper - Chipotle, Canned',94.90,NULL,224),
(747,'Table Cloth 54x72 Colour',47.12,NULL,205),
(748,'Napkin White - Starched',43.91,NULL,77),
(749,'Tomatoes - Cherry, Yellow',28.42,NULL,19),
(750,'Pasta - Canelloni, Single Serve',26.44,NULL,239),
(751,'Lid - 3oz Med Rec',25.58,NULL,151),
(752,'Chutney Sauce - Mango',51.53,NULL,125),
(753,'Pork - Kidney',44.53,NULL,24),
(754,'Tomatoes - Grape',53.40,NULL,194),
(755,'Kumquat',53.03,NULL,78),
(756,'Pasta - Spaghetti, Dry',64.29,NULL,211),
(757,'Yogurt - Assorted Pack',82.68,NULL,41),
(758,'Table Cloth 53x69 White',19.24,NULL,30),
(759,'Skirt - 29 Foot',62.07,NULL,97),
(760,'Table Cloth 62x114 White',84.20,NULL,19),
(761,'Cookie Trail Mix',11.10,NULL,55),
(762,'Huck Towels White',47.53,NULL,1),
(763,'Garbage Bags - Clear',22.01,NULL,192),
(764,'Boogies',56.86,NULL,178),
(765,'Bandage - Flexible Neon',88.09,NULL,77),
(766,'Corn - Mini',54.65,NULL,13),
(767,'Creme De Banane - Marie',44.25,NULL,79),
(768,'Plaintain',38.58,NULL,86),
(769,'Tabasco Sauce, 2 Oz',11.10,NULL,205),
(770,'Wine - Red, Antinori Santa',30.54,NULL,14),
(771,'Straws - Cocktale',98.82,NULL,106),
(772,'Onion - Dried',10.44,NULL,79),
(773,'Basil - Seedlings Cookstown',10.64,NULL,106),
(774,'Pasta - Penne, Rigate, Dry',26.50,NULL,81),
(775,'Lemon Balm - Fresh',46.01,NULL,142),
(776,'Beef - Shank',88.75,NULL,238),
(777,'Soup V8 Roasted Red Pepper',6.97,NULL,79),
(778,'Pepper - Green Thai',99.75,NULL,170),
(779,'Wine - Pinot Noir Stoneleigh',61.60,NULL,140),
(780,'Dried Cherries',85.72,NULL,151),
(781,'Coconut - Creamed, Pure',11.10,NULL,57),
(782,'Soup - French Onion',52.53,NULL,205),
(783,'Mikes Hard Lemonade',23.58,NULL,168),
(784,'Lamb - Whole, Fresh',17.45,NULL,246),
(785,'Chickensplit Half',22.87,NULL,37),
(786,'Beer - Rickards Red',66.91,NULL,45),
(787,'Gooseberry',11.10,NULL,179),
(788,'Turkey Leg With Drum And Thigh',85.49,NULL,145),
(789,'Wine - Jaboulet Cotes Du Rhone',1.21,NULL,145),
(790,'Muffin Batt - Carrot Spice',45.40,NULL,61),
(791,'Puree - Blackcurrant',98.03,NULL,236),
(792,'Lettuce - Green Leaf',11.10,NULL,161),
(793,'Pork - Bacon, Sliced',61.58,NULL,126),
(794,'Truffle Shells - White Chocolate',11.10,NULL,142),
(795,'Bread - White, Unsliced',82.68,NULL,41),
(796,'Milk - Buttermilk',62.97,NULL,137),
(797,'Bols Melon Liqueur',60.49,NULL,56),
(798,'Apple - Northern Spy',11.10,NULL,148),
(799,'Nantucket Orange Juice',15.69,NULL,211),
(800,'Garlic - Elephant',16.00,NULL,8),
(801,'Cookie Dough - Double',2.10,NULL,14),
(802,'Mousse - Mango',3.88,NULL,170),
(803,'Persimmons',45.91,NULL,87),
(804,'Beef - Kindney, Whole',93.55,NULL,2),
(805,'Ecolab Silver Fusion',2.39,NULL,46),
(806,'Chicken - Whole Roasting',11.10,NULL,115),
(807,'Sauce - Sesame Thai Dressing',71.97,NULL,180),
(808,'Coffee Swiss Choc Almond',21.60,NULL,133),
(809,'Wine - Barolo Fontanafredda',5.62,NULL,193),
(810,'Tomato - Peeled Italian Canned',74.87,NULL,173),
(811,'Fish - Scallops, Cold Smoked',90.89,NULL,245),
(812,'Soup - Verve - Chipotle Chicken',9.07,NULL,41),
(813,'Sage - Fresh',41.67,NULL,5),
(814,'Chocolate - Sugar Free Semi Choc',33.36,NULL,15),
(815,'Sauce - Caesar Dressing',98.20,NULL,156),
(816,'Cucumber - English',11.10,NULL,70),
(817,'Black Currants',11.10,NULL,19),
(818,'Soup - Campbellschix Stew',11.10,NULL,11),
(819,'Shrimp, Dried, Small / Lb',76.00,NULL,174),
(820,'Juice - Tomato, 48 Oz',27.89,NULL,38),
(821,'Spice - Onion Powder Granulated',11.10,NULL,64),
(822,'Salmon Steak - Cohoe 8 Oz',27.65,NULL,182),
(823,'Nut - Pecan, Halves',18.45,NULL,36),
(824,'Chicken - Leg / Back Attach',14.60,NULL,93),
(825,'True - Vue Containers',64.51,NULL,153),
(826,'Mushrooms - Honey',63.70,NULL,72),
(827,'Latex Rubber Gloves Size 9',71.11,NULL,47),
(828,'Nantucket - Carrot Orange',31.77,NULL,131),
(829,'Shrimp - Black Tiger 16/20',77.32,NULL,221),
(830,'Nut - Almond, Blanched, Whole',76.15,NULL,77),
(831,'Plasticforkblack',11.10,NULL,213),
(832,'Coffee Caramel Biscotti',89.58,NULL,171),
(833,'Goat - Leg',57.06,NULL,34),
(834,'Dragon Fruit',81.97,NULL,229),
(835,'Horseradish Root',15.09,NULL,209),
(836,'Bread - Dark Rye, Loaf',59.02,NULL,69),
(837,'Container - Foam Dixie 12 Oz',36.81,NULL,139),
(838,'Cheese - Grie Des Champ',50.06,NULL,144),
(839,'Coffee - Decaffeinato Coffee',50.68,NULL,85),
(840,'Appetizer - Mango Chevre',76.36,NULL,149),
(841,'Bay Leaf Ground',66.64,NULL,124),
(842,'Sage - Ground',76.82,NULL,134),
(843,'Chinese Foods - Pepper Beef',76.74,NULL,142),
(844,'Soup - Base Broth Beef',30.87,NULL,195),
(845,'Paper Towel Touchless',11.10,NULL,246),
(846,'Wine - Spumante Bambino White',42.83,NULL,64),
(847,'Mikes Hard Lemonade',30.08,NULL,146),
(848,'Beef - Outside, Round',46.83,NULL,175),
(849,'Flour - Strong',21.70,NULL,114),
(850,'Truffle Paste',69.82,NULL,193),
(851,'Chips - Doritos',10.06,NULL,210),
(852,'Bread - Crumbs, Bulk',80.21,NULL,182),
(853,'Compound - Raspberry',88.41,NULL,69),
(854,'Muffin Carrot - Individual',89.31,NULL,99),
(855,'Juice - Lagoon Mango',52.43,NULL,235),
(856,'Sambuca - Opal Nera',39.99,NULL,161),
(857,'Bread Sour Rolls',52.98,NULL,19),
(858,'Juice - Orangina',57.60,NULL,242),
(859,'Muffin Hinge Container 6',10.46,NULL,245),
(860,'Rye Special Old',3.60,NULL,192),
(861,'Kaffir Lime Leaves',73.85,NULL,18),
(862,'Sprouts Dikon',23.40,NULL,58),
(863,'Durian Fruit',42.21,NULL,98),
(864,'Tomato - Green',81.62,NULL,152),
(865,'Bar Bran Honey Nut',96.58,NULL,11),
(866,'Wine - Magnotta, Merlot Sr Vqa',17.60,NULL,246),
(867,'Wine - Red, Cabernet Sauvignon',60.29,NULL,231),
(868,'Cream - 18%',1.28,NULL,174),
(869,'Salt - Table',64.48,NULL,116),
(870,'Bagel - Plain',11.10,NULL,232),
(871,'Vinegar - Cider',70.91,NULL,210),
(872,'Wine - Red, Cabernet Sauvignon',42.95,NULL,56),
(873,'Jerusalem Artichoke',70.27,NULL,249),
(874,'Ham - Smoked, Bone - In',58.15,NULL,36),
(875,'Wine - Riesling Dr. Pauly',97.31,NULL,17),
(876,'Juice - Mango',11.10,NULL,99),
(877,'Steam Pan - Half Size Deep',87.97,NULL,227),
(878,'Scallops 60/80 Iqf',17.14,NULL,132),
(879,'Sour Puss Raspberry',48.46,NULL,104),
(880,'Salt - Seasoned',11.10,NULL,27),
(881,'Halibut - Fletches',21.99,NULL,60),
(882,'Oil - Truffle, Black',61.54,NULL,87),
(883,'Water - Spring 1.5lit',19.95,NULL,108),
(884,'Nut - Macadamia',60.81,NULL,117),
(885,'Nantucket - Pomegranate Pear',74.52,NULL,187),
(886,'Pie Filling - Cherry',55.98,NULL,71),
(887,'Beans - Fava Fresh',28.38,NULL,238),
(888,'Soup - Campbells - Tomato',81.44,NULL,100),
(889,'Shrimp - Baby, Warm Water',24.73,NULL,114),
(890,'Wine - Red, Antinori Santa',88.50,NULL,207),
(891,'Cake - Pancake',13.23,NULL,245),
(892,'Bacardi Breezer - Strawberry',23.93,NULL,25),
(893,'Tabasco Sauce, 2 Oz',40.43,NULL,212),
(894,'Oil - Safflower',64.23,NULL,130),
(895,'Hagen Daza - Dk Choocolate',60.15,NULL,219),
(896,'Shrimp - Black Tiger 6 - 8',29.93,NULL,226),
(897,'Vegetable - Base',11.65,NULL,83),
(898,'Veal - Insides Provini',76.09,NULL,145),
(899,'Bread - Roll, Soft White Round',60.36,NULL,65),
(900,'Muffin Mix - Carrot',2.37,NULL,244),
(901,'Juice - Lemon',11.10,NULL,12),
(902,'Juice - Clamato, 341 Ml',12.28,NULL,21),
(903,'Shrimp - Baby, Warm Water',11.10,NULL,85),
(904,'Longos - Lasagna Veg',74.03,NULL,191),
(905,'Coffee - Colombian, Portioned',11.10,NULL,62),
(906,'Beer - Sleemans Honey Brown',30.65,NULL,160),
(907,'Beer - Molson Excel',90.22,NULL,14),
(908,'Yogurt - Banana, 175 Gr',17.75,NULL,116),
(909,'Cherries - Maraschino,jar',75.98,NULL,199),
(910,'Rosemary - Fresh',53.37,NULL,11),
(911,'Sorrel - Fresh',51.81,NULL,47),
(912,'Lemonade - Mandarin, 591 Ml',83.47,NULL,151),
(913,'Eggplant - Baby',69.12,NULL,22),
(914,'Pumpkin - Seed',87.26,NULL,127),
(915,'Crab - Imitation Flakes',10.54,NULL,169),
(916,'Lettuce - Green Leaf',79.09,NULL,208),
(917,'Soup - Knorr, Veg / Beef',21.08,NULL,171),
(918,'Napkin White - Starched',7.30,NULL,138),
(919,'Water Chestnut - Canned',56.25,NULL,157),
(920,'Mortadella',8.97,NULL,126),
(921,'Wine - Chablis J Moreau Et Fils',72.74,NULL,229),
(922,'Danishes - Mini Raspberry',80.11,NULL,24),
(923,'Beef - Ground Medium',81.13,NULL,218),
(924,'Mortadella',38.43,NULL,117),
(925,'Cheese - Perron Cheddar',54.12,NULL,237),
(926,'Soap - Mr.clean Floor Soap',11.10,NULL,98),
(927,'Wine - Pinot Noir Pond Haddock',71.06,NULL,167),
(928,'Beef - Baby, Liver',14.30,NULL,5),
(929,'Pepper - White, Whole',91.91,NULL,7),
(930,'Syrup - Chocolate',11.10,NULL,28),
(931,'Pie Pecan',95.25,NULL,87),
(932,'Nut - Almond, Blanched, Sliced',9.94,NULL,202),
(933,'Broom - Angled',85.33,NULL,120),
(934,'Lemons',61.45,NULL,231),
(935,'Venison - Racks Frenched',1.91,NULL,178),
(936,'Tamarind Paste',55.83,NULL,13),
(937,'Cheese - Cheddar, Old White',31.90,NULL,58),
(938,'Vaccum Bag 10x13',41.43,NULL,218),
(939,'Ice Cream Bar - Hageen Daz To',90.64,NULL,249),
(940,'Beef - Rib Eye Aaa',91.03,NULL,140),
(941,'Worcestershire Sauce',42.93,NULL,68),
(942,'Sproutsmustard Cress',49.59,NULL,181),
(943,'Shiratamako - Rice Flour',92.26,NULL,216),
(944,'Beets - Mini Golden',34.12,NULL,180),
(945,'Taro Root',13.33,NULL,194),
(946,'Raisin - Golden',45.60,NULL,201),
(947,'Water Chestnut - Canned',85.08,NULL,72),
(948,'Apple - Fuji',32.17,NULL,231),
(949,'Cake - Sheet Strawberry',90.46,NULL,212),
(950,'Flour - Bran, Red',24.02,NULL,55),
(951,'Oregano - Dry, Rubbed',11.10,NULL,149),
(952,'Cheese - Le Cheve Noir',37.42,NULL,101),
(953,'Yogurt - Peach, 175 Gr',5.50,NULL,207),
(954,'Lettuce Romaine Chopped',50.65,NULL,178),
(955,'Eggwhite Frozen',11.10,NULL,199),
(956,'Sprouts - Peppercress',31.60,NULL,126),
(957,'Sping Loaded Cup Dispenser',57.97,NULL,161),
(958,'Bananas',49.94,NULL,153),
(959,'Sole - Iqf',11.10,NULL,225),
(960,'Bandage - Finger Cots',62.75,NULL,140),
(961,'Table Cloth 53x53 White',38.09,NULL,171),
(962,'Rum - Dark, Bacardi, Black',74.77,NULL,230),
(963,'V8 - Vegetable Cocktail',11.23,NULL,48),
(964,'Puree - Mocha',11.10,NULL,134),
(965,'Wheat - Soft Kernal Of Wheat',59.47,NULL,47),
(966,'Vinegar - Balsamic, White',11.10,NULL,52),
(967,'Wine - Shiraz Wolf Blass Premium',44.64,NULL,205),
(968,'Drambuie',82.53,NULL,199),
(969,'Eel - Smoked',45.49,NULL,124),
(970,'Lady Fingers',40.21,NULL,41),
(971,'Island Oasis - Wildberry',71.40,NULL,63),
(972,'Eel Fresh',30.68,NULL,112),
(973,'Bread - Pain Au Liat X12',70.60,NULL,140),
(974,'Chocolate - Liqueur Cups With Foil',91.85,NULL,123),
(975,'Cheese - Ricotta',99.19,NULL,225),
(976,'Pepper - White, Ground',72.18,NULL,42),
(977,'Seedlings - Buckwheat, Organic',39.65,NULL,59),
(978,'Yogurt - French Vanilla',16.06,NULL,133),
(979,'Veal - Loin',77.17,NULL,62),
(980,'Bread Crumbs - Panko',62.51,NULL,21),
(981,'Sauce - Soya, Dark',24.09,NULL,46),
(982,'Plate - Foam, Bread And Butter',92.83,NULL,21),
(983,'Beef - Eye Of Round',92.86,NULL,177),
(984,'Yogurt - Assorted Pack',85.05,NULL,203),
(985,'Beef - Short Ribs',78.06,NULL,50),
(986,'Tumeric',37.87,NULL,81),
(987,'Foam Dinner Plate',36.27,NULL,116),
(988,'Cheese - Augre Des Champs',44.98,NULL,61),
(989,'Fondant - Icing',41.39,NULL,162),
(990,'Mini - Vol Au Vents',95.82,NULL,154),
(991,'Sauce - Sesame Thai Dressing',81.91,NULL,229),
(992,'Grapefruit - White',37.72,NULL,232),
(993,'Wine - Winzer Krems Gruner',77.08,NULL,123),
(994,'Durian Fruit',46.34,NULL,85),
(995,'Five Alive Citrus',56.58,NULL,215),
(996,'Lettuce - Sea / Sea Asparagus',59.69,NULL,100),
(997,'Broom And Broom Rack White',97.24,NULL,57),
(998,'Juice - Cranberry 284ml',86.72,NULL,246),
(999,'Wine - Ruffino Chianti',85.56,NULL,146),
(1000,'Turkey Tenderloin Frozen',71.56,NULL,131);
/*!40000 ALTER TABLE `produit` ENABLE KEYS */;
UNLOCK TABLES;
/*!40103 SET TIME_ZONE=@OLD_TIME_ZONE */;

/*!40101 SET SQL_MODE=@OLD_SQL_MODE */;
/*!40014 SET FOREIGN_KEY_CHECKS=@OLD_FOREIGN_KEY_CHECKS */;
/*!40014 SET UNIQUE_CHECKS=@OLD_UNIQUE_CHECKS */;
/*!40101 SET CHARACTER_SET_CLIENT=@OLD_CHARACTER_SET_CLIENT */;
/*!40101 SET CHARACTER_SET_RESULTS=@OLD_CHARACTER_SET_RESULTS */;
/*!40101 SET COLLATION_CONNECTION=@OLD_COLLATION_CONNECTION */;
/*!40111 SET SQL_NOTES=@OLD_SQL_NOTES */;

-- Dump completed on 2025-03-04  8:51:11
